OffspringID1,OffspringID2,Probability
L0340,L0341,1.000
L0340,L0373,0.199
L0340,L2284,0.984
L0341,L0373,1.000
L0373,L2383,0.885
L1215,L2361,0.823
L1215,L2563,0.996
L2214,L2346,0.422
L2214,L2424,0.325
L2216,L2274,0.667
L2216,L2486,0.984
L2218,L2310,0.432
L2218,L2386,1.000
L2220,L2274,0.059
L2220,L2406,0.716
L2220,L2429,1.000
L2220,L2485,0.958
L2220,L2577,1.000
L2226,L2325,0.941
L2226,L2369,0.038
L2226,L2583,0.520
L2270,L2285,0.025
L2270,L2361,0.079
L2274,L2429,1.000
L2276,L2288,0.013
L2276,L2291,0.114
L2281,L2555,0.998
L2285,L2361,0.744
L2291,L2384,0.244
L2291,L2471,0.057
L2291,L2582,0.003
L2291,L5272,0.623
L2310,L2386,0.892
L2329,L2487,0.195
L2329,L2577,0.146
L2346,L2406,0.939
L2368,L2384,0.973
L2368,L2571,0.835
L2369,L2564,0.236
L2383,L2427,0.059
L2384,L2571,1.000
L2384,L2582,0.003
L2406,L2485,0.996
L2406,L2577,1.000
L2414,L2472,0.557
L2414,L2480,0.999
L2414,L2566,0.853
L2414,L2582,0.166
L2418,L2479,0.457
L2424,L2555,0.001
L2424,L2580,0.001
L2427,L2562,0.998
L2430,L2486,0.999
L2431,L2479,0.351
L2431,L2563,1.000
L2470,L2483,0.415
L2470,L2564,0.998
L2472,L2480,1.000
L2472,L2566,1.000
L2472,L2580,1.000
L2472,L2582,0.213
L2480,L2566,1.000
L2480,L2582,0.489
L2483,L2564,1.000
L2485,L2577,0.021
L2555,L2580,1.000
L2566,L2582,0.044
L0256,L0258,0.073
L0256,L0291,0.069
L0256,L0326,0.660
L0256,L0375,0.546
L0256,L0392,0.007
L0256,L0414,0.996
L0256,L0658,0.028
L0256,L0694,0.082
L0256,L0854,0.026
L0256,L0883,0.639
L0256,L1074,0.035
L0256,L1118,0.003
L0256,L1249,0.005
L0256,L1258,0.227
L0256,L1274,0.002
L0256,L2348,0.429
L0256,L2524,0.010
L0258,L0264,0.076
L0258,L0268,0.076
L0258,L0282,0.076
L0258,L0293,0.076
L0258,L0296,0.075
L0258,L0301,0.076
L0258,L0321,0.076
L0258,L0352,0.074
L0258,L0374,0.002
L0258,L0387,0.076
L0258,L0394,0.076
L0258,L0400,0.022
L0258,L0405,0.923
L0258,L0641,0.074
L0258,L0643,0.003
L0258,L0646,0.073
L0258,L0682,0.076
L0258,L0694,0.917
L0258,L0773,0.073
L0258,L0852,0.003
L0258,L0855,0.074
L0258,L0858,0.073
L0258,L0862,0.076
L0258,L0869,0.073
L0258,L0870,0.076
L0258,L0887,0.076
L0258,L0889,0.073
L0258,L0891,0.073
L0258,L0976,0.003
L0258,L1074,0.003
L0258,L1078,0.065
L0258,L1079,0.003
L0258,L1082,0.003
L0258,L1087,0.003
L0258,L1099,0.003
L0258,L1112,0.073
L0258,L1116,0.073
L0258,L1117,0.076
L0258,L1118,0.003
L0258,L1220,0.076
L0258,L1249,0.074
L0258,L1263,0.076
L0258,L1309,0.076
L0258,L1314,0.076
L0258,L1318,0.075
L0258,L1724,0.076
L0258,L1733,0.076
L0258,L2394,0.075
L0258,L2496,0.003
L0258,L2524,0.003
L0262,L1269,1.000
L0264,L0331,0.002
L0264,L0375,0.007
L0264,L0387,0.002
L0264,L0694,0.084
L0264,L0887,0.083
L0264,L1117,0.003
L0265,L0400,0.002
L0265,L0414,0.010
L0265,L0854,0.071
L0265,L0858,0.447
L0265,L0874,0.098
L0265,L0885,0.022
L0265,L0889,0.002
L0265,L1083,0.044
L0265,L1101,0.002
L0265,L1104,0.018
L0265,L1112,0.826
L0265,L1272,0.692
L0265,L1314,0.057
L0265,L2525,0.129
L0268,L0352,0.619
L0268,L0392,0.095
L0268,L0400,0.216
L0268,L0436,0.009
L0268,L0641,0.631
L0268,L0643,0.028
L0268,L0682,0.999
L0268,L0692,0.002
L0268,L0694,0.084
L0268,L0887,0.023
L0268,L1078,0.373
L0268,L1082,0.427
L0268,L1099,0.245
L0268,L1117,0.003
L0268,L1118,0.002
L0268,L1210,0.054
L0268,L1314,0.619
L0268,L1318,0.284
L0268,L1724,0.024
L0270,L0888,1.000
L0273,L0282,0.002
L0273,L1078,0.005
L0273,L1724,0.276
L0273,L1733,0.258
L0280,L0331,0.985
L0280,L0385,0.027
L0280,L0414,0.195
L0280,L0658,0.457
L0280,L0696,0.002
L0280,L0883,0.008
L0280,L0885,0.999
L0280,L0982,0.771
L0280,L1083,0.002
L0280,L1103,0.165
L0280,L1117,0.035
L0280,L1258,0.002
L0280,L1260,0.911
L0280,L1274,0.005
L0280,L1309,0.006
L0280,L1314,0.004
L0282,L0301,0.547
L0282,L0321,0.130
L0282,L0394,0.572
L0282,L0436,0.999
L0282,L0653,0.081
L0282,L0694,0.084
L0282,L0696,0.443
L0282,L0870,0.063
L0282,L0887,0.335
L0282,L1080,0.197
L0282,L1082,0.002
L0282,L1117,0.003
L0282,L2394,0.710
L0283,L0405,0.194
L0286,L0407,0.972
L0286,L0476,0.140
L0286,L0484,0.005
L0286,L1110,0.297
L0291,L0317,0.954
L0291,L0375,0.102
L0291,L0387,0.855
L0291,L0773,0.039
L0291,L0854,0.965
L0291,L0855,0.067
L0291,L0858,0.246
L0291,L0891,0.002
L0291,L1116,0.101
L0291,L1312,0.891
L0293,L0296,0.004
L0293,L0321,0.369
L0293,L0394,0.026
L0293,L0643,0.004
L0293,L0694,0.084
L0293,L1117,0.003
L0293,L1249,0.032
L0293,L1263,0.044
L0293,L1318,0.147
L0293,L2394,0.005
L0296,L0298,0.939
L0296,L0317,1.000
L0296,L0326,0.945
L0296,L0352,0.005
L0296,L0374,0.003
L0296,L0400,0.957
L0296,L0641,0.987
L0296,L0643,0.442
L0296,L0682,0.990
L0296,L0694,0.084
L0296,L0976,1.000
L0296,L1074,0.040
L0296,L1078,0.053
L0296,L1082,0.992
L0296,L1087,1.000
L0296,L1099,0.032
L0296,L1117,0.003
L0296,L1249,1.000
L0296,L2524,0.321
L0298,L0331,0.010
L0298,L0366,0.021
L0298,L0385,0.626
L0298,L0392,0.970
L0298,L0883,0.009
L0298,L1116,0.002
L0301,L0321,0.115
L0301,L0694,0.084
L0301,L0852,0.102
L0301,L1079,0.815
L0301,L1117,0.003
L0301,L1318,0.543
L0301,L1733,0.051
L0317,L0331,0.038
L0317,L0366,1.000
L0317,L0385,0.089
L0317,L0658,0.006
L0317,L0692,0.275
L0317,L0874,0.005
L0317,L0885,0.483
L0317,L0891,0.002
L0317,L1104,0.002
L0317,L1116,0.011
L0317,L1258,0.746
L0317,L1312,0.218
L0317,L1318,0.998
L0321,L0366,0.483
L0321,L0374,0.286
L0321,L0387,0.967
L0321,L0643,0.006
L0321,L0694,0.084
L0321,L1079,0.013
L0321,L1117,0.003
L0321,L1318,1.000
L0321,L2394,0.003
L0324,L0366,0.108
L0324,L0400,0.001
L0324,L0874,0.808
L0324,L0875,0.869
L0324,L0883,0.021
L0324,L0885,0.001
L0324,L1080,0.346
L0324,L1260,0.915
L0326,L0331,0.154
L0326,L0366,0.960
L0326,L0392,0.002
L0326,L0646,0.003
L0326,L0773,0.004
L0326,L0885,0.005
L0326,L0889,0.008
L0326,L1104,0.014
L0326,L1112,0.002
L0326,L1117,0.001
L0326,L1258,0.004
L0326,L1274,0.010
L0326,L1312,0.003
L0326,L1318,0.816
L0330,L0363,0.054
L0330,L1269,0.834
L0331,L0366,0.664
L0331,L0385,0.022
L0331,L0392,0.001
L0331,L0400,0.770
L0331,L0874,0.058
L0331,L0875,0.003
L0331,L1210,0.002
L0331,L1258,0.008
L0331,L1312,0.016
L0352,L0366,0.996
L0352,L0400,0.001
L0352,L0641,0.976
L0352,L0694,0.082
L0352,L1099,1.000
L0352,L1117,0.003
L0352,L1263,0.002
L0352,L1314,0.002
L0363,L1269,0.041
L0366,L0375,0.017
L0366,L0392,0.624
L0366,L0400,1.000
L0366,L0692,0.067
L0366,L0854,0.003
L0366,L0874,0.670
L0366,L0883,0.003
L0366,L1080,0.001
L0366,L1101,0.225
L0366,L1104,0.029
L0366,L1116,0.856
L0366,L1258,0.001
L0366,L1272,0.002
L0366,L1314,0.998
L0374,L0387,0.267
L0374,L0400,0.053
L0374,L0641,0.068
L0374,L0682,0.021
L0374,L0694,0.003
L0374,L0858,0.003
L0374,L1249,0.007
L0374,L1318,0.999
L0375,L0385,0.015
L0375,L0400,0.105
L0375,L0658,0.148
L0375,L0696,0.025
L0375,L0773,0.034
L0375,L0854,0.761
L0375,L0883,0.016
L0375,L1083,0.001
L0375,L1258,0.005
L0375,L1260,0.250
L0375,L1272,0.999
L0375,L1274,0.004
L0375,L1312,0.946
L0375,L2525,0.011
L0385,L0387,0.046
L0385,L0400,0.078
L0385,L0869,0.123
L0385,L1101,0.014
L0385,L1312,0.042
L0387,L0394,0.601
L0387,L0643,0.265
L0387,L0658,0.363
L0387,L0694,0.084
L0387,L0852,1.000
L0387,L0887,0.289
L0387,L1074,0.997
L0387,L1082,0.860
L0387,L1087,0.364
L0387,L1099,0.004
L0387,L1117,0.003
L0387,L1118,1.000
L0387,L1220,0.019
L0387,L1263,0.648
L0387,L1274,0.130
L0387,L1309,0.999
L0387,L1318,0.006
L0387,L2496,1.000
L0387,L2524,0.873
L0392,L0874,0.003
L0392,L0885,0.002
L0392,L1263,0.006
L0392,L1724,0.016
L0392,L1733,0.053
L0394,L0643,0.475
L0394,L0694,0.084
L0394,L0870,0.002
L0394,L1117,0.003
L0394,L1263,1.000
L0394,L1318,0.021
L0400,L0414,0.762
L0400,L0641,0.208
L0400,L0646,0.770
L0400,L0658,0.034
L0400,L0682,0.001
L0400,L0692,0.012
L0400,L0694,0.027
L0400,L0773,0.043
L0400,L0862,0.008
L0400,L1074,0.041
L0400,L1082,0.095
L0400,L1087,0.104
L0400,L1099,0.037
L0400,L1112,0.770
L0400,L1117,0.017
L0400,L1210,0.042
L0400,L1258,0.747
L0400,L1318,0.328
L0400,L2524,0.228
L0405,L0476,0.194
L0405,L2348,0.003
L0405,L2488,0.101
L0405,L2756,0.006
L0411,L0685,0.999
L0414,L0646,0.003
L0414,L0854,0.925
L0414,L0855,0.844
L0414,L0869,0.004
L0414,L1249,0.001
L0414,L1312,0.005
L0436,L0658,1.000
L0436,L1258,0.140
L0436,L1263,0.014
L0436,L1274,0.174
L0436,L1733,0.558
L0476,L0484,0.856
L0476,L1110,0.049
L0480,L0484,1.000
L0484,L1110,0.997
L0494,L2347,0.725
L0641,L0682,0.977
L0641,L0694,0.082
L0641,L0852,0.006
L0641,L0976,0.984
L0641,L1074,0.033
L0641,L1078,0.319
L0641,L1099,0.041
L0641,L1117,0.002
L0641,L1249,0.983
L0641,L1263,0.904
L0641,L1318,0.987
L0641,L1724,0.506
L0641,L2394,0.007
L0641,L2524,0.001
L0643,L0646,0.991
L0643,L0694,0.002
L0643,L0869,0.822
L0643,L0870,0.756
L0643,L0889,0.902
L0643,L1116,0.005
L0643,L1117,0.021
L0643,L1220,0.003
L0643,L1249,0.748
L0643,L1318,0.052
L0643,L1724,0.113
L0643,L1733,0.471
L0646,L0694,0.082
L0646,L0852,0.238
L0646,L0874,0.998
L0646,L0885,0.911
L0646,L1082,0.988
L0646,L1083,0.126
L0646,L1087,0.005
L0646,L1210,0.050
L0646,L1249,0.005
L0653,L0874,0.018
L0653,L1083,0.245
L0653,L1260,0.002
L0658,L0854,0.011
L0658,L0891,0.043
L0658,L1112,0.997
L0658,L1249,0.002
L0658,L1260,0.616
L0658,L1312,0.012
L0682,L0694,0.084
L0682,L0885,0.893
L0682,L1249,0.032
L0682,L1318,0.823
L0682,L1724,0.002
L0683,L0888,0.996
L0691,L0981,0.019
L0691,L1270,0.933
L0692,L0854,0.432
L0692,L0885,0.655
L0692,L1101,0.009
L0692,L1260,0.035
L0692,L1724,0.007
L0694,L0773,0.082
L0694,L0852,0.002
L0694,L0855,0.082
L0694,L0858,0.082
L0694,L0862,0.084
L0694,L0869,0.082
L0694,L0870,0.084
L0694,L0887,0.084
L0694,L0889,0.082
L0694,L0891,0.082
L0694,L0976,0.002
L0694,L1074,0.002
L0694,L1078,0.072
L0694,L1079,0.002
L0694,L1082,0.002
L0694,L1087,0.002
L0694,L1099,0.002
L0694,L1112,0.082
L0694,L1116,0.081
L0694,L1117,0.084
L0694,L1118,0.002
L0694,L1220,0.084
L0694,L1249,0.082
L0694,L1263,0.084
L0694,L1309,0.084
L0694,L1314,0.084
L0694,L1318,0.084
L0694,L1724,0.084
L0694,L1733,0.084
L0694,L2394,0.077
L0694,L2496,0.002
L0694,L2524,0.002
L0696,L1260,0.010
L0696,L1263,0.103
L0696,L1272,0.003
L0696,L1724,0.001
L0698,L1226,0.031
L0773,L0852,0.005
L0773,L0976,0.171
L0773,L1082,0.962
L0773,L1083,0.003
L0773,L1118,0.458
L0773,L1249,0.005
L0773,L2524,0.884
L0852,L0862,0.506
L0852,L0870,0.011
L0852,L1117,0.056
L0852,L1220,0.006
L0852,L1318,0.963
L0852,L1724,0.127
L0854,L0862,0.379
L0854,L0869,0.120
L0854,L0875,0.334
L0854,L0887,0.002
L0854,L1220,0.005
L0855,L0876,0.006
L0855,L1074,0.090
L0855,L1249,0.006
L0855,L1272,0.144
L0855,L2524,0.210
L0855,L2525,0.334
L0858,L0885,0.006
L0858,L1079,0.027
L0858,L1087,0.021
L0858,L1249,0.005
L0858,L1258,0.006
L0859,L2347,0.075
L0862,L0883,0.589
L0862,L1118,0.002
L0869,L1079,0.029
L0869,L1082,0.045
L0869,L1104,0.128
L0869,L1118,0.622
L0869,L1249,0.005
L0869,L1260,0.047
L0869,L1312,0.020
L0869,L2348,0.013
L0869,L2496,0.043
L0869,L2524,0.997
L0870,L0876,0.002
L0870,L1079,0.995
L0870,L1099,0.994
L0870,L1118,0.004
L0874,L0889,0.027
L0874,L1112,0.025
L0874,L1116,0.627
L0875,L0883,0.821
L0875,L1083,0.001
L0875,L1724,0.002
L0876,L0887,0.001
L0876,L1080,1.000
L0876,L1117,0.886
L0876,L1258,0.003
L0876,L1312,0.003
L0883,L1210,0.001
L0885,L1080,0.002
L0887,L0976,0.024
L0887,L1074,0.001
L0887,L1079,0.037
L0887,L1083,0.005
L0887,L1260,0.060
L0887,L2524,0.009
L0889,L1083,0.002
L0889,L1104,0.005
L0889,L1249,0.005
L0891,L1074,0.003
L0891,L1079,0.282
L0891,L1082,0.258
L0891,L1087,0.038
L0891,L1099,0.654
L0891,L1249,0.005
L0891,L1260,0.002
L0891,L2496,0.122
L0976,L1249,0.160
L0976,L1318,0.070
L0982,L1083,0.361
L0982,L1260,0.001
L0982,L1724,0.246
L1074,L1116,0.012
L1074,L1220,0.001
L1074,L1318,1.000
L1075,L1110,0.004
L1078,L1082,0.064
L1078,L1087,0.610
L1078,L1210,0.973
L1078,L2348,0.001
L1079,L1220,0.230
L1079,L1309,0.112
L1079,L2394,0.171
L1080,L1083,0.989
L1080,L1101,1.000
L1080,L1733,0.015
L1082,L1117,0.924
L1082,L1249,0.923
L1082,L1318,0.631
L1083,L1312,0.629
L1087,L1112,0.003
L1087,L1318,0.072
L1087,L1724,0.002
L1099,L1112,0.042
L1099,L1249,0.986
L1099,L1318,1.000
L1099,L2394,0.081
L1101,L1116,0.081
L1101,L1312,0.978
L1103,L1260,0.024
L1103,L1263,0.003
L1103,L1272,0.511
L1103,L1274,0.007
L1104,L1274,0.088
L1104,L1312,0.002
L1112,L1249,0.005
L1112,L1258,0.002
L1116,L1210,0.010
L1116,L1249,0.005
L1117,L1118,0.882
L1117,L1249,0.008
L1117,L1263,0.003
L1117,L1309,0.003
L1117,L1314,0.003
L1117,L1318,0.003
L1117,L1724,0.003
L1117,L1733,0.003
L1117,L2496,0.904
L1117,L2524,0.399
L1118,L1249,0.484
L1118,L1263,0.003
L1210,L1724,0.968
L1210,L1733,0.507
L1220,L2496,0.003
L1249,L1258,0.108
L1249,L1263,0.031
L1249,L1274,0.001
L1249,L1733,0.059
L1249,L2496,0.010
L1258,L1260,0.015
L1260,L1312,0.282
L1263,L2394,0.001
L1272,L1312,0.002
L1309,L1724,1.000
L1309,L1733,0.282
L1312,L1314,0.005
L1314,L1318,0.747
L1314,L2348,0.048
L1314,L2524,0.945
L1318,L2524,0.429
L1724,L2394,0.041
L2347,L2492,0.075
L0732,L2598,0.011
L0732,L3038,0.006
L0732,L3114,0.005
L0732,L3310,0.267
L0732,L3553,0.015
L0732,L3700,0.016
L0732,L5064,1.000
L0732,L5238,0.395
L0732,L5393,0.054
L0732,L5400,0.012
L2340,L2734,0.001
L2390,L2872,0.005
L2390,L2881,0.924
L2390,L5591,1.000
L2439,L2640,0.032
L2439,L2877,0.202
L2439,L2884,0.067
L2439,L2993,0.001
L2439,L5248,0.017
L2439,L5261,0.005
L2575,L2598,0.011
L2575,L2645,0.136
L2575,L2650,0.142
L2575,L2744,0.004
L2575,L2898,0.002
L2575,L2985,0.003
L2575,L3028,0.991
L2575,L3035,1.000
L2575,L3038,0.210
L2575,L3069,0.837
L2575,L3076,0.009
L2575,L3155,0.024
L2575,L3430,0.003
L2575,L3608,0.009
L2575,L3940,0.019
L2575,L4424,0.014
L2575,L5024,0.002
L2575,L5067,0.930
L2575,L5174,0.010
L2575,L5227,0.003
L2575,L5238,0.009
L2575,L5244,0.032
L2575,L5248,0.244
L2575,L5276,0.020
L2575,L5469,0.043
L2575,L5593,0.015
L2585,L2598,0.011
L2585,L2660,0.028
L2585,L2773,0.009
L2585,L2803,0.016
L2585,L2884,0.067
L2585,L2962,0.317
L2585,L2993,0.065
L2585,L3028,0.004
L2585,L3984,0.069
L2585,L4441,0.006
L2585,L4937,0.003
L2585,L5064,0.249
L2585,L5227,0.123
L2585,L5407,0.534
L2591,L2666,0.904
L2591,L2744,0.658
L2591,L2835,0.316
L2591,L2923,0.903
L2591,L2979,0.020
L2591,L3005,0.025
L2591,L3016,0.008
L2591,L3020,0.896
L2591,L3031,0.022
L2591,L3041,0.945
L2591,L3086,0.002
L2591,L3090,0.891
L2591,L3093,0.067
L2591,L3109,1.000
L2591,L3150,0.932
L2591,L3240,0.769
L2591,L3296,0.046
L2591,L4418,1.000
L2591,L5071,0.017
L2591,L5276,0.005
L2591,L5469,0.940
L2591,L5476,0.991
L2594,L2746,0.119
L2594,L2884,0.067
L2594,L2962,0.109
L2594,L3101,0.055
L2594,L3130,0.005
L2594,L4979,0.018
L2594,L5064,0.016
L2594,L5070,0.997
L2594,L5483,0.496
L2598,L2644,0.011
L2598,L2645,0.011
L2598,L2650,0.011
L2598,L2656,0.011
L2598,L2669,0.001
L2598,L2674,0.011
L2598,L2728,0.011
L2598,L2733,0.011
L2598,L2744,0.011
L2598,L2827,0.011
L2598,L2877,0.011
L2598,L2898,0.011
L2598,L2910,0.011
L2598,L2916,0.011
L2598,L2979,0.011
L2598,L3038,0.011
L2598,L3039,0.011
L2598,L3068,0.011
L2598,L3069,0.011
L2598,L3076,0.011
L2598,L3088,0.011
L2598,L3090,0.011
L2598,L3155,0.011
L2598,L3310,0.011
L2598,L3344,0.011
L2598,L3346,0.011
L2598,L3347,0.011
L2598,L3363,0.011
L2598,L3366,0.011
L2598,L3369,0.011
L2598,L3381,0.011
L2598,L3382,0.011
L2598,L3409,0.011
L2598,L3412,0.011
L2598,L3553,0.011
L2598,L3607,0.011
L2598,L3608,0.011
L2598,L3700,0.011
L2598,L3702,0.011
L2598,L3845,0.011
L2598,L3940,0.011
L2598,L3944,0.011
L2598,L4424,0.011
L2598,L4462,0.011
L2598,L4889,0.011
L2598,L4899,0.011
L2598,L4905,0.011
L2598,L4923,0.011
L2598,L4951,0.011
L2598,L4991,0.011
L2598,L5024,0.011
L2598,L5036,0.011
L2598,L5037,0.011
L2598,L5045,0.011
L2598,L5047,0.011
L2598,L5055,0.011
L2598,L5062,0.011
L2598,L5067,0.011
L2598,L5072,0.011
L2598,L5092,0.011
L2598,L5174,0.011
L2598,L5177,0.011
L2598,L5219,0.011
L2598,L5225,0.011
L2598,L5230,0.011
L2598,L5236,0.011
L2598,L5238,0.011
L2598,L5239,0.011
L2598,L5248,0.011
L2598,L5263,0.011
L2598,L5273,0.011
L2598,L5281,0.011
L2598,L5300,0.011
L2598,L5393,0.011
L2598,L5400,0.011
L2598,L5414,0.011
L2598,L5464,0.011
L2598,L5465,0.011
L2598,L5468,0.011
L2598,L5485,0.011
L2598,L5488,0.011
L2598,L5580,0.011
L2598,L5588,0.011
L2598,L5593,0.011
L2605,L2894,0.002
L2605,L2967,0.021
L2605,L2999,0.737
L2605,L3022,0.005
L2605,L3067,0.022
L2605,L4974,0.002
L2605,L5057,0.006
L2611,L2874,0.779
L2611,L2884,0.005
L2611,L3052,1.000
L2611,L3093,0.730
L2640,L2803,0.039
L2640,L2827,0.106
L2640,L2884,0.067
L2640,L2962,0.719
L2640,L2993,0.849
L2640,L3090,0.007
L2640,L3114,0.364
L2640,L3130,0.025
L2640,L3984,0.019
L2640,L4966,0.012
L2640,L5070,0.369
L2641,L2962,0.937
L2641,L2979,0.848
L2641,L2993,0.965
L2641,L3093,0.067
L2641,L3101,0.735
L2641,L3296,0.002
L2641,L3401,0.234
L2641,L4008,0.064
L2641,L4418,0.402
L2641,L5063,0.646
L2641,L5071,0.992
L2644,L2884,0.067
L2644,L2993,0.249
L2644,L3035,0.001
L2644,L3101,0.047
L2644,L3114,0.998
L2644,L3370,0.510
L2644,L3402,0.001
L2644,L5227,0.003
L2645,L2656,0.954
L2645,L2733,0.930
L2645,L2898,1.000
L2645,L2910,0.065
L2645,L3035,0.967
L2645,L3039,1.000
L2645,L3069,0.005
L2645,L3076,0.004
L2645,L3130,0.004
L2645,L3346,0.012
L2645,L3702,0.003
L2645,L3944,0.006
L2645,L4462,0.008
L2645,L4905,0.001
L2645,L5024,0.037
L2645,L5037,0.003
L2645,L5045,0.130
L2645,L5047,0.015
L2645,L5092,0.001
L2645,L5177,0.609
L2645,L5393,0.360
L2645,L5485,0.835
L2645,L5588,0.003
L2648,L2715,0.197
L2648,L2730,0.009
L2648,L2758,0.470
L2648,L2911,0.999
L2648,L2967,0.024
L2648,L3030,0.106
L2648,L3093,0.067
L2648,L3101,0.913
L2648,L3130,0.349
L2648,L3155,0.016
L2648,L3297,0.300
L2648,L3397,0.697
L2648,L4418,0.014
L2648,L4425,0.349
L2648,L5063,0.956
L2648,L5069,0.009
L2648,L5071,0.088
L2648,L5246,0.792
L2648,L5253,0.593
L2650,L2728,0.001
L2650,L2877,0.931
L2650,L2898,0.404
L2650,L2985,0.151
L2650,L3028,0.010
L2650,L3035,0.744
L2650,L3039,0.003
L2650,L3076,0.002
L2650,L3130,0.001
L2650,L3310,0.005
L2650,L3344,0.030
L2650,L3363,0.787
L2650,L3412,0.005
L2650,L3553,0.058
L2650,L4462,0.993
L2650,L4905,0.195
L2650,L4991,0.010
L2650,L5055,0.971
L2650,L5238,0.822
L2650,L5248,0.505
L2650,L5300,0.566
L2650,L5593,0.996
L2656,L2660,0.003
L2656,L2728,0.008
L2656,L2758,0.024
L2656,L2966,0.003
L2656,L3028,0.241
L2656,L3038,0.400
L2656,L3039,0.833
L2656,L3069,0.015
L2656,L3076,0.003
L2656,L3088,0.893
L2656,L3344,0.117
L2656,L3346,0.009
L2656,L3366,0.462
L2656,L3412,0.748
L2656,L3940,0.032
L2656,L5062,0.012
L2656,L5092,0.823
L2656,L5230,0.547
L2656,L5248,0.991
L2656,L5465,0.999
L2656,L5468,0.001
L2656,L5588,0.003
L2660,L2674,0.212
L2660,L2728,0.869
L2660,L2744,0.008
L2660,L2877,0.999
L2660,L2898,0.944
L2660,L2910,0.022
L2660,L3039,0.014
L2660,L3069,0.951
L2660,L3076,0.052
L2660,L3090,0.602
L2660,L3155,0.004
L2660,L3363,0.003
L2660,L3366,0.079
L2660,L3553,0.023
L2660,L3608,0.003
L2660,L4462,0.711
L2660,L5024,0.214
L2660,L5092,0.004
L2660,L5177,0.006
L2660,L5230,0.031
L2660,L5248,0.020
L2660,L5465,0.002
L2660,L5588,0.008
L2666,L2715,0.020
L2666,L2746,0.737
L2666,L2923,0.926
L2666,L3093,0.067
L2666,L3240,0.997
L2666,L3296,0.042
L2666,L3297,0.008
L2666,L4008,1.000
L2666,L4418,0.704
L2666,L4425,0.091
L2666,L4921,0.006
L2666,L5246,0.038
L2666,L5476,0.864
L2669,L2742,0.005
L2674,L2884,0.067
L2674,L2962,0.460
L2674,L2993,0.525
L2674,L3030,0.872
L2674,L3114,0.016
L2674,L3369,0.648
L2674,L3370,0.008
L2674,L3384,0.996
L2674,L3430,0.011
L2674,L3984,0.001
L2674,L5064,0.028
L2674,L5070,0.002
L2674,L5227,0.028
L2674,L5244,0.884
L2674,L5483,0.017
L2675,L2715,0.008
L2675,L2911,0.029
L2675,L2962,0.313
L2675,L2967,0.014
L2675,L3093,0.067
L2675,L3130,0.008
L2675,L3155,0.002
L2675,L3297,0.006
L2675,L3397,0.998
L2675,L3425,0.014
L2675,L4008,0.044
L2675,L4418,0.980
L2675,L4921,0.971
L2675,L5063,0.696
L2705,L2715,0.002
L2705,L2911,0.003
L2705,L2923,0.982
L2705,L2947,0.015
L2705,L2979,0.009
L2705,L3093,0.067
L2705,L3155,0.117
L2705,L3240,0.992
L2705,L3296,0.962
L2705,L3397,1.000
L2705,L3401,0.015
L2705,L3434,0.002
L2705,L4008,0.841
L2705,L4425,0.001
L2705,L4921,0.155
L2705,L5063,0.004
L2705,L5071,0.176
L2705,L5246,0.995
L2705,L5469,0.006
L2705,L5476,0.001
L2715,L2721,0.616
L2715,L2730,0.056
L2715,L2758,0.003
L2715,L2835,0.999
L2715,L2906,0.864
L2715,L2967,0.684
L2715,L2979,1.000
L2715,L2995,1.000
L2715,L3005,0.003
L2715,L3016,0.041
L2715,L3020,0.165
L2715,L3031,0.905
L2715,L3093,0.067
L2715,L3103,0.999
L2715,L3109,0.990
L2715,L3130,0.011
L2715,L3150,0.071
L2715,L3296,0.020
L2715,L3297,0.951
L2715,L3397,0.990
L2715,L3402,0.485
L2715,L4053,0.077
L2715,L4425,0.984
L2715,L4905,0.008
L2715,L4921,0.301
L2715,L5063,0.983
L2715,L5246,0.998
L2721,L2911,0.004
L2721,L2923,0.259
L2721,L2962,0.041
L2721,L2967,0.017
L2721,L3093,0.067
L2721,L3101,0.002
L2721,L3130,0.240
L2721,L3155,0.004
L2721,L3296,0.008
L2721,L3297,0.037
L2721,L3397,0.999
L2721,L3425,0.711
L2721,L3434,0.969
L2721,L4008,0.004
L2721,L4053,0.002
L2721,L4418,0.996
L2721,L4921,0.542
L2721,L5246,0.149
L2728,L2733,0.078
L2728,L2744,0.145
L2728,L2898,0.079
L2728,L2947,0.008
L2728,L3028,0.990
L2728,L3038,0.005
L2728,L3069,0.008
L2728,L3076,0.055
L2728,L3344,0.194
L2728,L3346,0.916
L2728,L3363,0.107
L2728,L3366,0.050
L2728,L3553,0.001
L2728,L4462,0.032
L2728,L4889,0.980
L2728,L4951,0.942
L2728,L4991,0.002
L2728,L5281,0.161
L2728,L5300,0.637
L2728,L5468,0.058
L2728,L5580,0.080
L2730,L2738,0.006
L2730,L2906,0.291
L2730,L2967,0.710
L2730,L2979,0.001
L2730,L2995,0.003
L2730,L3031,0.005
L2730,L3093,0.067
L2730,L4921,0.397
L2730,L5024,0.012
L2730,L5063,0.152
L2730,L5071,0.022
L2730,L5138,0.670
L2733,L2744,0.045
L2733,L2827,0.067
L2733,L2916,0.245
L2733,L3039,0.100
L2733,L3069,0.066
L2733,L3155,0.081
L2733,L3346,0.034
L2733,L3363,0.008
L2733,L3366,0.930
L2733,L3412,0.993
L2733,L3553,1.000
L2733,L3944,0.141
L2733,L4462,0.013
L2733,L5062,0.006
L2733,L5414,0.579
L2733,L5485,0.002
L2733,L5588,0.285
L2738,L2803,0.008
L2738,L2884,0.067
L2738,L2948,0.005
L2738,L3030,0.813
L2738,L3101,0.993
L2738,L3369,0.669
L2738,L3395,0.740
L2738,L3984,0.999
L2738,L4441,0.014
L2738,L4937,0.004
L2738,L4979,0.060
L2738,L5227,0.003
L2738,L5453,0.005
L2744,L2877,0.039
L2744,L2910,0.025
L2744,L3035,0.003
L2744,L3130,0.237
L2744,L3347,0.043
L2744,L3382,0.002
L2744,L3607,0.001
L2744,L4462,0.395
L2744,L4889,0.328
L2744,L5047,0.184
L2744,L5177,0.011
L2744,L5238,0.001
L2744,L5281,0.001
L2744,L5300,0.160
L2744,L5414,0.001
L2744,L5588,0.002
L2744,L5593,0.002
L2746,L2827,0.017
L2746,L2923,0.820
L2746,L3005,0.003
L2746,L3016,0.004
L2746,L3030,0.763
L2746,L3041,0.240
L2746,L3093,0.067
L2746,L3109,0.003
L2746,L3240,0.001
L2746,L4425,0.727
L2746,L5276,0.004
L2746,L5315,0.002
L2746,L5469,0.993
L2746,L5476,0.964
L2758,L2947,0.001
L2758,L3020,0.664
L2758,L3031,0.903
L2758,L3093,0.067
L2758,L5024,0.002
L2758,L5063,0.171
L2758,L5138,0.031
L2758,L5300,0.026
L2773,L4937,0.070
L2773,L5064,0.012
L2773,L5407,0.779
L2773,L5488,0.003
L2803,L2877,0.529
L2803,L2884,0.067
L2803,L3030,0.008
L2803,L3114,0.923
L2803,L3240,0.689
L2803,L3702,0.002
L2803,L3984,0.185
L2803,L4451,0.011
L2803,L4979,0.615
L2803,L5014,0.002
L2803,L5036,0.905
L2803,L5227,0.352
L2803,L5261,0.005
L2803,L5407,0.044
L2803,L5453,0.002
L2803,L5488,0.006
L2827,L2877,0.010
L2827,L2898,0.139
L2827,L3035,0.993
L2827,L3155,0.832
L2827,L3944,0.002
L2827,L4462,0.041
L2827,L4951,0.009
L2827,L5055,0.003
L2827,L5238,0.006
L2827,L5588,0.012
L2835,L2911,0.145
L2835,L2962,0.004
L2835,L3030,0.053
L2835,L3088,0.460
L2835,L3093,0.067
L2835,L3101,0.970
L2835,L3130,0.005
L2835,L3297,1.000
L2835,L3397,0.009
L2835,L3425,0.050
L2835,L5048,0.002
L2835,L5063,0.001
L2835,L5315,0.001
L2840,L2872,0.304
L2872,L2881,0.008
L2874,L2884,0.916
L2874,L3052,0.796
L2874,L3067,0.084
L2874,L3093,0.688
L2874,L5072,0.187
L2877,L2898,0.007
L2877,L2916,0.093
L2877,L2947,0.013
L2877,L2985,0.995
L2877,L3028,1.000
L2877,L3035,0.133
L2877,L3088,0.398
L2877,L3240,0.992
L2877,L3363,0.107
L2877,L3366,1.000
L2877,L3412,0.001
L2877,L4462,0.065
L2877,L5045,0.816
L2877,L5138,0.007
L2877,L5174,0.205
L2881,L2884,0.066
L2884,L2948,0.067
L2884,L2962,0.067
L2884,L2966,0.067
L2884,L2993,0.067
L2884,L3030,0.067
L2884,L3038,0.067
L2884,L3039,0.067
L2884,L3068,0.067
L2884,L3069,0.067
L2884,L3076,0.067
L2884,L3086,0.201
L2884,L3093,0.997
L2884,L3101,0.067
L2884,L3114,0.067
L2884,L3369,0.067
L2884,L3370,0.067
L2884,L3384,0.067
L2884,L3395,0.067
L2884,L3402,0.067
L2884,L3430,0.067
L2884,L3586,0.067
L2884,L3773,0.067
L2884,L3984,0.067
L2884,L4441,0.067
L2884,L4451,0.067
L2884,L4923,0.021
L2884,L4937,0.067
L2884,L4966,0.067
L2884,L4979,0.067
L2884,L5014,0.067
L2884,L5064,0.067
L2884,L5066,0.067
L2884,L5070,0.067
L2884,L5072,0.264
L2884,L5227,0.067
L2884,L5244,0.067
L2884,L5261,0.067
L2884,L5390,0.067
L2884,L5407,0.067
L2884,L5453,0.067
L2884,L5469,0.066
L2884,L5483,0.067
L2884,L5488,0.067
L2898,L2966,0.020
L2898,L2985,0.013
L2898,L3028,1.000
L2898,L3035,0.661
L2898,L3068,0.239
L2898,L3069,0.004
L2898,L3155,0.477
L2898,L3344,0.512
L2898,L3363,0.289
L2898,L4462,0.008
L2898,L5047,0.033
L2898,L5069,0.065
L2898,L5230,0.206
L2898,L5238,0.466
L2898,L5248,0.483
L2898,L5281,0.026
L2898,L5393,0.006
L2898,L5593,0.027
L2906,L2911,1.000
L2906,L2962,0.357
L2906,L3093,0.067
L2906,L3101,0.792
L2906,L3155,1.000
L2906,L3397,0.012
L2906,L4921,0.997
L2906,L5063,0.996
L2906,L5071,1.000
L2906,L5138,0.055
L2906,L5246,0.985
L2906,L5253,0.010
L2910,L2985,0.001
L2910,L3028,0.003
L2910,L3035,0.012
L2910,L3310,0.198
L2910,L3700,0.001
L2910,L5045,0.001
L2910,L5062,0.039
L2910,L5177,0.001
L2910,L5238,0.008
L2911,L2947,0.081
L2911,L2967,0.617
L2911,L2979,0.981
L2911,L2995,0.003
L2911,L3005,0.005
L2911,L3016,0.146
L2911,L3031,0.999
L2911,L3041,0.014
L2911,L3093,0.067
L2911,L3103,0.879
L2911,L3105,0.913
L2911,L3130,0.459
L2911,L3295,0.027
L2911,L3296,0.001
L2911,L3297,0.820
L2911,L3397,0.999
L2911,L3402,0.934
L2911,L3425,0.180
L2911,L3434,0.003
L2911,L4905,0.008
L2911,L4921,0.159
L2911,L5045,0.309
L2911,L5063,0.996
L2911,L5246,0.383
L2911,L5315,0.003
L2916,L2923,0.996
L2916,L2967,0.024
L2916,L3028,0.001
L2916,L3076,0.001
L2916,L3382,0.019
L2916,L4905,0.040
L2916,L5036,0.004
L2916,L5037,0.116
L2916,L5092,0.001
L2923,L2947,0.997
L2923,L2967,0.268
L2923,L3005,0.939
L2923,L3016,0.893
L2923,L3020,0.997
L2923,L3031,0.999
L2923,L3041,1.000
L2923,L3093,0.067
L2923,L3109,0.999
L2923,L3240,1.000
L2923,L3401,0.977
L2923,L3402,0.046
L2923,L3861,0.008
L2923,L4053,0.002
L2923,L4425,0.995
L2923,L4905,0.008
L2923,L4921,0.166
L2923,L5045,0.938
L2923,L5048,0.002
L2923,L5069,0.201
L2923,L5246,0.002
L2923,L5276,0.887
L2923,L5476,0.996
L2947,L2979,0.739
L2947,L3005,0.002
L2947,L3016,0.994
L2947,L3020,0.016
L2947,L3093,0.067
L2947,L3109,1.000
L2947,L3150,0.002
L2947,L3363,0.822
L2947,L3401,0.700
L2947,L4053,0.060
L2947,L4418,0.926
L2947,L4441,0.431
L2947,L5048,0.006
L2947,L5092,0.059
L2947,L5248,0.954
L2948,L2966,0.007
L2948,L3984,0.001
L2948,L4937,0.976
L2948,L5036,0.032
L2948,L5092,0.003
L2948,L5138,0.011
L2948,L5261,0.014
L2948,L5407,0.974
L2948,L5453,0.177
L2948,L5476,0.102
L2956,L3036,0.996
L2962,L2967,0.077
L2962,L3041,0.002
L2962,L3088,0.994
L2962,L3103,0.514
L2962,L3114,0.001
L2962,L3369,0.001
L2962,L3370,0.920
L2962,L3402,0.005
L2962,L3430,0.886
L2962,L3773,0.073
L2962,L4966,0.003
L2962,L5064,1.000
L2962,L5227,0.997
L2962,L5390,0.630
L2966,L3101,0.010
L2966,L3402,0.015
L2966,L4979,0.001
L2966,L5066,0.535
L2966,L5069,0.020
L2966,L5407,1.000
L2967,L2995,0.022
L2967,L3005,0.004
L2967,L3020,0.024
L2967,L3030,0.084
L2967,L3031,0.024
L2967,L3067,0.024
L2967,L3088,0.471
L2967,L3093,0.066
L2967,L3101,0.044
L2967,L3105,0.024
L2967,L3109,0.010
L2967,L3155,0.081
L2967,L3297,0.014
L2967,L3397,0.709
L2967,L3402,0.024
L2967,L3425,0.289
L2967,L3773,0.085
L2967,L4008,0.131
L2967,L4053,0.003
L2967,L4921,0.271
L2967,L5045,0.024
L2967,L5048,0.015
L2967,L5063,0.710
L2979,L2985,0.027
L2979,L3005,0.989
L2979,L3016,0.642
L2979,L3020,0.063
L2979,L3028,0.002
L2979,L3031,0.060
L2979,L3041,0.002
L2979,L3093,0.067
L2979,L3103,0.007
L2979,L3109,0.120
L2979,L3150,0.004
L2979,L3240,0.017
L2979,L3296,0.972
L2979,L3297,0.080
L2979,L3861,0.986
L2979,L4418,0.038
L2979,L4425,0.999
L2979,L4921,0.357
L2979,L5063,0.021
L2979,L5071,0.999
L2979,L5138,0.005
L2979,L5276,0.074
L2979,L5476,0.032
L2985,L3038,0.002
L2985,L3090,1.000
L2985,L3344,0.004
L2985,L4462,0.083
L2985,L5036,0.715
L2985,L5047,0.176
L2985,L5055,0.004
L2985,L5092,0.157
L2985,L5177,0.018
L2985,L5238,0.535
L2985,L5414,0.046
L2985,L5464,0.005
L2985,L5588,0.003
L2993,L2995,0.087
L2993,L3005,0.093
L2993,L3020,0.001
L2993,L3030,0.141
L2993,L3031,1.000
L2993,L3105,0.987
L2993,L3109,1.000
L2993,L3114,0.933
L2993,L3155,0.956
L2993,L3369,0.650
L2993,L4979,0.021
L2993,L5064,0.998
L2993,L5227,0.936
L2995,L3030,0.005
L2995,L3093,0.067
L2995,L3101,0.999
L2995,L3130,0.219
L2995,L3155,0.999
L2995,L3297,0.051
L2995,L4418,0.438
L2995,L4921,0.005
L2995,L5063,1.000
L2995,L5069,0.155
L2995,L5071,0.372
L2995,L5246,0.363
L2995,L5476,0.151
L2999,L5057,0.996
L3005,L3030,0.027
L3005,L3088,0.911
L3005,L3093,0.067
L3005,L3101,0.998
L3005,L3155,0.937
L3005,L3297,0.996
L3005,L3397,0.010
L3005,L3861,0.063
L3005,L4418,0.992
L3005,L4921,0.002
L3005,L5048,0.174
L3005,L5063,0.031
L3005,L5069,0.846
L3005,L5071,0.052
L3005,L5246,0.980
L3005,L5253,0.031
L3005,L5476,0.248
L3016,L3088,0.974
L3016,L3093,0.067
L3016,L3101,0.001
L3016,L3401,0.052
L3016,L3773,0.005
L3016,L4008,0.010
L3016,L4418,0.684
L3016,L4425,1.000
L3016,L5048,0.001
L3016,L5069,0.047
L3016,L5071,0.059
L3016,L5246,0.526
L3016,L5253,0.004
L3016,L5476,1.000
L3020,L3030,0.065
L3020,L3093,0.067
L3020,L3101,0.720
L3020,L3150,0.624
L3020,L3155,0.685
L3020,L3240,0.003
L3020,L3297,0.012
L3020,L3397,0.108
L3020,L3425,0.974
L3020,L4008,0.001
L3020,L4053,0.066
L3020,L4418,0.994
L3020,L4425,0.915
L3020,L4921,0.019
L3020,L5048,0.002
L3020,L5063,0.727
L3020,L5071,0.002
L3020,L5246,0.999
L3020,L5476,0.985
L3023,L3044,0.996
L3023,L3052,0.040
L3023,L3086,0.159
L3028,L3038,0.636
L3028,L3039,0.127
L3028,L3069,0.002
L3028,L3076,0.989
L3028,L3088,0.004
L3028,L3090,0.059
L3028,L3344,0.003
L3028,L3346,0.005
L3028,L3363,0.305
L3028,L3366,0.089
L3028,L3702,0.001
L3028,L4462,0.005
L3028,L5024,0.001
L3028,L5036,0.998
L3028,L5047,0.008
L3028,L5055,0.567
L3028,L5092,0.643
L3028,L5230,0.198
L3028,L5248,0.297
L3028,L5300,0.010
L3028,L5464,0.152
L3028,L5485,0.722
L3028,L5488,0.976
L3030,L3039,0.001
L3030,L3041,0.045
L3030,L3068,0.031
L3030,L3101,0.871
L3030,L3103,0.001
L3030,L3105,0.125
L3030,L3114,0.873
L3030,L3130,0.002
L3030,L3369,0.002
L3030,L3370,0.034
L3030,L3384,0.002
L3030,L3395,0.507
L3030,L3425,0.126
L3030,L3430,0.057
L3030,L3586,0.407
L3030,L4923,0.022
L3030,L4966,0.003
L3030,L4979,0.020
L3030,L5227,0.854
L3030,L5244,0.016
L3030,L5390,0.003
L3030,L5483,0.257
L3031,L3088,0.101
L3031,L3093,0.067
L3031,L3130,0.021
L3031,L3155,0.024
L3031,L3297,0.995
L3031,L3397,0.926
L3031,L3861,0.007
L3031,L4008,0.985
L3031,L4418,0.804
L3031,L5063,0.991
L3031,L5069,0.001
L3031,L5071,1.000
L3031,L5246,0.958
L3031,L5476,0.477
L3035,L3039,0.006
L3035,L3068,0.781
L3035,L3076,0.018
L3035,L3155,0.001
L3035,L3344,0.837
L3035,L3363,0.004
L3035,L3366,0.005
L3035,L3700,0.003
L3035,L4991,0.096
L3035,L5024,0.387
L3035,L5177,0.007
L3035,L5238,0.998
L3035,L5300,0.002
L3035,L5468,0.029
L3035,L5485,0.063
L3035,L5488,0.005
L3035,L5593,0.012
L3036,L3092,1.000
L3038,L3090,0.026
L3038,L3093,0.067
L3038,L3347,1.000
L3038,L3944,0.009
L3038,L5037,0.026
L3038,L5092,0.233
L3038,L5230,0.386
L3038,L5464,0.689
L3038,L5469,0.378
L3039,L3090,0.004
L3039,L3093,0.067
L3039,L3155,0.018
L3039,L3700,0.002
L3039,L4905,0.021
L3039,L5037,0.018
L3039,L5400,1.000
L3041,L3086,0.789
L3041,L3093,0.067
L3041,L3240,0.567
L3041,L4008,0.555
L3041,L5048,0.273
L3041,L5063,0.529
L3041,L5071,0.269
L3041,L5138,0.004
L3041,L5476,0.439
L3044,L3052,0.040
L3052,L3093,0.729
L3068,L3086,0.684
L3068,L3093,0.067
L3068,L3366,0.007
L3068,L3369,0.002
L3068,L3607,1.000
L3068,L3608,0.001
L3068,L4462,0.017
L3068,L4899,0.047
L3068,L4923,0.851
L3068,L5047,0.981
L3068,L5177,0.100
L3068,L5230,0.998
L3068,L5238,0.809
L3068,L5248,0.017
L3068,L5414,0.956
L3068,L5465,0.001
L3068,L5468,1.000
L3069,L3086,0.008
L3069,L3090,0.563
L3069,L3093,0.067
L3069,L3347,0.001
L3069,L3553,0.625
L3069,L3607,0.204
L3069,L3702,1.000
L3069,L3940,0.003
L3069,L4462,0.064
L3069,L4889,0.011
L3069,L4951,0.102
L3069,L5024,0.003
L3069,L5047,0.992
L3069,L5062,0.531
L3069,L5092,0.077
L3069,L5230,0.960
L3069,L5238,0.220
L3069,L5239,0.003
L3069,L5263,0.008
L3069,L5281,0.039
L3069,L5393,0.066
L3069,L5400,0.996
L3069,L5464,0.020
L3069,L5465,0.041
L3069,L5485,0.142
L3069,L5588,0.008
L3076,L3093,0.067
L3076,L4899,0.011
L3076,L5036,0.011
L3076,L5037,0.138
L3076,L5174,0.055
L3076,L5236,0.016
L3076,L5238,0.095
L3076,L5239,0.023
L3076,L5469,0.002
L3086,L3093,0.018
L3086,L3103,0.012
L3086,L5048,0.116
L3086,L5072,1.000
L3086,L5469,0.123
L3088,L3101,0.009
L3088,L3103,0.003
L3088,L3109,0.010
L3088,L3700,0.880
L3088,L5055,0.007
L3088,L5225,0.997
L3088,L5248,0.007
L3088,L5464,0.008
L3088,L5465,0.003
L3090,L3346,0.087
L3090,L3412,0.522
L3090,L3702,0.002
L3090,L4905,0.058
L3090,L5037,0.003
L3090,L5238,0.170
L3090,L5281,0.152
L3090,L5464,0.002
L3090,L5468,0.042
L3093,L3103,0.067
L3093,L3105,0.067
L3093,L3109,0.067
L3093,L3130,0.067
L3093,L3150,0.067
L3093,L3240,0.067
L3093,L3295,0.067
L3093,L3296,0.067
L3093,L3297,0.067
L3093,L3397,0.067
L3093,L3401,0.067
L3093,L3425,0.067
L3093,L3434,0.067
L3093,L3861,0.067
L3093,L4008,0.067
L3093,L4053,0.067
L3093,L4418,0.067
L3093,L4425,0.067
L3093,L4921,0.067
L3093,L4972,0.067
L3093,L5048,0.067
L3093,L5063,0.067
L3093,L5069,0.067
L3093,L5071,0.067
L3093,L5072,0.121
L3093,L5138,0.067
L3093,L5246,0.067
L3093,L5253,0.067
L3093,L5276,0.067
L3093,L5315,0.067
L3093,L5476,0.067
L3101,L3105,0.999
L3101,L3109,0.055
L3101,L3114,1.000
L3101,L3369,0.010
L3101,L3370,1.000
L3101,L3395,0.446
L3101,L3984,0.035
L3101,L4966,0.002
L3101,L5064,0.830
L3101,L5066,0.160
L3101,L5070,0.035
L3101,L5483,0.883
L3103,L3130,0.802
L3103,L5063,0.679
L3103,L5246,0.991
L3105,L3130,0.020
L3105,L3150,0.364
L3105,L3155,0.210
L3105,L3297,0.073
L3105,L3397,0.099
L3105,L3425,0.983
L3105,L5048,0.363
L3105,L5063,0.002
L3105,L5246,0.002
L3105,L5253,0.032
L3109,L3155,1.000
L3109,L3240,0.943
L3109,L4053,0.004
L3109,L4418,1.000
L3109,L5071,0.998
L3109,L5138,0.912
L3109,L5246,0.038
L3109,L5476,0.115
L3114,L3369,0.005
L3114,L3370,0.213
L3114,L3382,0.355
L3114,L3395,0.003
L3114,L3402,0.002
L3114,L3430,0.081
L3114,L3845,0.366
L3114,L4451,0.028
L3114,L5048,1.000
L3114,L5067,0.483
L3114,L5219,0.972
L3114,L5227,0.923
L3114,L5236,0.982
L3114,L5453,0.025
L3114,L5483,1.000
L3114,L5488,0.330
L3130,L3150,0.045
L3130,L3425,0.023
L3150,L3240,0.865
L3150,L3319,1.000
L3150,L3397,0.016
L3150,L3434,0.046
L3150,L4013,1.000
L3150,L4053,0.664
L3150,L5063,0.937
L3150,L5138,0.002
L3150,L5276,0.003
L3155,L4905,0.003
L3155,L5230,0.017
L3155,L5239,0.003
L3240,L3296,1.000
L3240,L3363,0.010
L3240,L3401,1.000
L3240,L3773,0.002
L3240,L3861,0.938
L3240,L4008,0.925
L3240,L4053,0.996
L3240,L4418,1.000
L3240,L4441,0.999
L3240,L5036,0.999
L3240,L5069,0.284
L3240,L5070,0.300
L3240,L5071,0.987
L3240,L5092,0.594
L3240,L5276,1.000
L3240,L5315,1.000
L3240,L5469,0.169
L3295,L3297,0.613
L3295,L3397,0.006
L3295,L3401,0.032
L3295,L3425,0.787
L3295,L3430,0.003
L3295,L3773,0.109
L3295,L3940,0.004
L3295,L4008,0.006
L3295,L4418,0.033
L3295,L4889,0.014
L3295,L5227,0.978
L3295,L5238,0.003
L3295,L5244,0.803
L3295,L5261,0.230
L3295,L5281,0.509
L3295,L5400,0.991
L3296,L3346,0.046
L3296,L3363,0.003
L3296,L3397,0.001
L3296,L3401,0.984
L3296,L3553,0.934
L3296,L4418,0.403
L3296,L4425,0.867
L3296,L4966,0.001
L3296,L5014,0.011
L3296,L5048,0.003
L3296,L5069,0.153
L3296,L5071,0.027
L3296,L5253,0.002
L3297,L3310,0.001
L3297,L3370,0.020
L3297,L3381,0.459
L3297,L3409,0.002
L3297,L3412,0.001
L3297,L3425,0.936
L3297,L3434,0.001
L3297,L3700,0.995
L3297,L3861,0.002
L3297,L4008,0.918
L3297,L4053,0.182
L3297,L4424,0.915
L3297,L4425,0.001
L3297,L5071,0.903
L3297,L5253,0.499
L3297,L5315,0.518
L3297,L5465,0.001
L3297,L5476,0.072
L3297,L5580,0.077
L3310,L3344,0.002
L3310,L3845,0.996
L3310,L4889,0.002
L3310,L4905,0.002
L3310,L5024,0.003
L3310,L5063,0.062
L3310,L5464,0.148
L3344,L3363,0.001
L3344,L3381,0.013
L3344,L3382,0.043
L3344,L3412,0.700
L3344,L3425,0.006
L3344,L3608,0.003
L3344,L3702,0.030
L3344,L4053,0.029
L3344,L4424,0.001
L3344,L4889,0.001
L3344,L4951,0.311
L3344,L5024,0.169
L3344,L5036,0.913
L3344,L5047,0.027
L3344,L5055,0.974
L3344,L5177,0.262
L3344,L5230,0.004
L3344,L5238,0.451
L3344,L5281,0.810
L3344,L5300,0.128
L3344,L5414,0.039
L3344,L5485,0.888
L3344,L5593,0.717
L3346,L3363,0.213
L3346,L3425,0.492
L3346,L3434,0.002
L3346,L3608,0.999
L3346,L4951,0.664
L3346,L4966,0.001
L3346,L4991,0.053
L3346,L5014,0.001
L3346,L5047,0.004
L3346,L5055,0.617
L3346,L5072,0.008
L3346,L5225,0.852
L3346,L5239,0.005
L3346,L5300,0.414
L3346,L5468,0.104
L3347,L3401,0.017
L3347,L3412,0.093
L3347,L3629,0.318
L3347,L3845,0.053
L3347,L3861,0.164
L3347,L4462,0.008
L3347,L4923,0.293
L3347,L4972,0.001
L3347,L5062,0.998
L3347,L5092,0.026
L3347,L5230,0.734
L3347,L5238,0.594
L3347,L5276,0.017
L3347,L5281,0.824
L3347,L5400,0.840
L3347,L5407,0.011
L3347,L5588,0.846
L3363,L3366,0.890
L3363,L3409,0.005
L3363,L3412,0.004
L3363,L3425,0.001
L3363,L3608,0.002
L3363,L3702,0.105
L3363,L3944,0.870
L3363,L4053,0.002
L3363,L4425,0.003
L3363,L4441,0.036
L3363,L4462,0.775
L3363,L4937,0.002
L3363,L4966,0.093
L3363,L4979,0.103
L3363,L5036,0.065
L3363,L5062,0.722
L3363,L5092,0.055
L3363,L5174,0.001
L3363,L5248,0.009
L3363,L5281,0.016
L3363,L5315,0.014
L3363,L5476,0.591
L3363,L5588,0.856
L3363,L5593,0.952
L3366,L3395,0.004
L3366,L3409,0.960
L3366,L3412,0.159
L3366,L3425,0.565
L3366,L3586,0.003
L3366,L3607,0.095
L3366,L3608,0.267
L3366,L3702,0.732
L3366,L3940,0.005
L3366,L4424,0.009
L3366,L4451,0.229
L3366,L4889,0.002
L3366,L4905,0.006
L3366,L5024,0.002
L3366,L5036,0.999
L3366,L5062,0.002
L3366,L5248,0.004
L3366,L5300,0.756
L3366,L5393,0.997
L3366,L5414,0.981
L3366,L5453,0.074
L3369,L3370,0.833
L3369,L3402,0.003
L3369,L3607,0.126
L3369,L3608,0.074
L3369,L3773,0.045
L3369,L4053,0.242
L3369,L4462,0.875
L3369,L4923,0.035
L3369,L5024,0.001
L3369,L5047,0.004
L3369,L5064,0.020
L3369,L5227,0.018
L3369,L5390,0.555
L3369,L5407,0.128
L3369,L5414,0.127
L3370,L3381,0.996
L3370,L3395,0.003
L3370,L3397,1.000
L3370,L3402,0.992
L3370,L3409,0.693
L3370,L3430,0.998
L3370,L3586,0.011
L3370,L3700,0.171
L3370,L3984,0.939
L3370,L4921,0.992
L3370,L4937,0.102
L3370,L5063,0.155
L3370,L5064,0.999
L3370,L5070,0.238
L3370,L5246,1.000
L3370,L5390,0.473
L3370,L5465,0.087
L3381,L3382,0.160
L3381,L3397,0.770
L3381,L3608,0.948
L3381,L3944,0.002
L3381,L4921,0.990
L3381,L5045,0.005
L3381,L5177,0.134
L3381,L5246,0.006
L3381,L5263,0.002
L3381,L5414,0.036
L3382,L3409,0.001
L3382,L4424,0.009
L3382,L4889,0.023
L3382,L4905,0.519
L3382,L4951,0.005
L3382,L5048,0.995
L3382,L5092,0.029
L3382,L5238,0.257
L3382,L5464,0.289
L3382,L5593,0.028
L3384,L3430,0.993
L3384,L3773,0.011
L3384,L4441,0.741
L3384,L4462,0.009
L3384,L5227,0.005
L3384,L5261,0.006
L3395,L3402,0.001
L3395,L3425,0.007
L3395,L3430,0.942
L3395,L3773,0.635
L3395,L3984,0.999
L3395,L5227,0.008
L3395,L5244,0.008
L3395,L5390,0.002
L3395,L5483,0.003
L3397,L3409,0.498
L3397,L3425,0.553
L3397,L4008,0.995
L3397,L4053,0.254
L3397,L5048,0.989
L3397,L5485,0.021
L3397,L5580,0.173
L3397,L5593,0.023
L3401,L3430,0.136
L3401,L3434,0.100
L3401,L3607,0.002
L3401,L3608,0.890
L3401,L3629,0.008
L3401,L3940,0.048
L3401,L4008,0.048
L3401,L4053,0.003
L3401,L4418,0.481
L3401,L4425,0.235
L3401,L4899,0.059
L3401,L4951,0.002
L3401,L5138,0.018
L3401,L5174,0.304
L3401,L5246,0.005
L3401,L5253,0.001
L3401,L5261,0.021
L3401,L5393,0.009
L3401,L5407,0.527
L3402,L3430,0.008
L3402,L3586,1.000
L3402,L3773,0.601
L3402,L3984,1.000
L3402,L4008,0.999
L3402,L4441,0.980
L3402,L4451,0.255
L3402,L4905,0.008
L3402,L4937,0.008
L3402,L4979,0.989
L3402,L5014,0.001
L3402,L5045,0.999
L3402,L5064,0.572
L3402,L5066,0.969
L3402,L5070,0.045
L3402,L5071,1.000
L3402,L5227,0.737
L3402,L5261,0.013
L3402,L5407,1.000
L3409,L3607,0.156
L3409,L3845,0.434
L3409,L3944,0.105
L3409,L4462,0.022
L3409,L5230,0.002
L3409,L5239,0.001
L3409,L5246,0.968
L3409,L5263,0.726
L3412,L3608,0.005
L3412,L3940,0.024
L3412,L3944,0.997
L3412,L4921,0.001
L3412,L5036,0.001
L3412,L5063,0.106
L3412,L5092,0.285
L3425,L3553,0.035
L3425,L3586,0.994
L3425,L3773,0.094
L3425,L3861,0.002
L3425,L3944,0.272
L3425,L4008,0.256
L3425,L4418,0.936
L3425,L4921,0.999
L3425,L4966,0.001
L3425,L5048,0.992
L3425,L5246,0.048
L3425,L5453,0.179
L3425,L5588,0.668
L3430,L3586,0.004
L3430,L3607,0.995
L3430,L3629,0.002
L3430,L3861,0.871
L3430,L3940,0.045
L3430,L3984,0.997
L3430,L4889,0.003
L3430,L4923,0.132
L3430,L4979,0.009
L3430,L5037,0.003
L3430,L5047,0.003
L3430,L5062,0.003
L3430,L5064,0.995
L3430,L5174,0.059
L3430,L5227,0.997
L3430,L5230,0.003
L3430,L5238,0.006
L3430,L5244,0.754
L3430,L5253,0.003
L3430,L5261,0.017
L3430,L5276,0.089
L3430,L5281,0.003
L3430,L5390,0.947
L3430,L5400,0.003
L3430,L5464,0.003
L3430,L5469,0.003
L3430,L5483,0.997
L3434,L3553,0.996
L3434,L4008,0.003
L3434,L4921,0.955
L3434,L4979,0.002
L3434,L5014,0.014
L3553,L3607,0.059
L3553,L3702,0.027
L3553,L3845,0.004
L3553,L3940,0.942
L3553,L4053,0.067
L3553,L4451,0.059
L3553,L4889,0.006
L3553,L4937,0.003
L3553,L4951,0.998
L3553,L4979,0.003
L3553,L5024,0.999
L3553,L5037,0.002
L3553,L5177,0.973
L3553,L5230,0.927
L3553,L5238,0.150
L3553,L5281,0.571
L3553,L5300,0.482
L3553,L5400,0.004
L3586,L3944,0.222
L3586,L3984,0.947
L3586,L5064,0.012
L3586,L5227,0.009
L3586,L5244,0.425
L3586,L5390,0.991
L3607,L3700,0.008
L3607,L3773,0.158
L3607,L3845,0.021
L3607,L5047,0.005
L3607,L5092,0.003
L3607,L5230,0.997
L3607,L5236,0.140
L3607,L5261,0.049
L3607,L5263,0.291
L3607,L5273,0.002
L3607,L5281,0.029
L3607,L5400,0.005
L3607,L5593,0.697
L3608,L3629,0.235
L3608,L3773,0.001
L3608,L3861,0.036
L3608,L3944,0.696
L3608,L5024,0.006
L3608,L5062,0.008
L3608,L5238,0.021
L3608,L5263,0.426
L3608,L5281,0.009
L3608,L5300,0.647
L3608,L5400,0.002
L3608,L5593,0.003
L3629,L3861,0.232
L3629,L3940,0.048
L3629,L4899,0.317
L3629,L4972,0.043
L3629,L5174,0.068
L3629,L5238,0.299
L3629,L5407,0.062
L3629,L5414,0.307
L3700,L3702,0.983
L3700,L3944,0.010
L3700,L4921,0.018
L3700,L5045,0.009
L3700,L5063,0.022
L3700,L5219,0.065
L3700,L5230,1.000
L3700,L5246,0.010
L3700,L5588,0.006
L3702,L4441,0.006
L3702,L4951,0.002
L3702,L4991,1.000
L3702,L5070,0.773
L3702,L5219,0.045
L3702,L5281,0.005
L3702,L5393,0.008
L3702,L5476,0.001
L3702,L5588,0.195
L3773,L3940,0.048
L3773,L3984,0.668
L3773,L4008,0.066
L3773,L4053,0.130
L3773,L4418,0.317
L3773,L4425,0.995
L3773,L4451,0.001
L3773,L4923,0.021
L3773,L4937,0.468
L3773,L4951,0.314
L3773,L4966,0.579
L3773,L4972,0.030
L3773,L4979,0.414
L3773,L5036,0.003
L3773,L5037,0.003
L3773,L5048,0.003
L3773,L5064,0.177
L3773,L5071,0.002
L3773,L5138,0.023
L3773,L5238,0.180
L3773,L5390,0.002
L3773,L5407,0.998
L3773,L5414,0.211
L3773,L5453,0.328
L3773,L5488,0.083
L3845,L3984,0.002
L3845,L4951,0.046
L3845,L4991,0.270
L3845,L5045,0.411
L3845,L5230,0.001
L3845,L5238,0.822
L3845,L5393,0.478
L3845,L5400,0.997
L3861,L3940,0.048
L3861,L4008,0.953
L3861,L4899,0.021
L3861,L4972,0.001
L3861,L5037,0.997
L3861,L5048,0.560
L3861,L5071,0.006
L3861,L5174,0.212
L3861,L5253,0.002
L3861,L5276,0.020
L3861,L5393,0.002
L3861,L5407,0.989
L3940,L3944,0.213
L3940,L4889,0.048
L3940,L4899,0.301
L3940,L4923,0.104
L3940,L4951,0.006
L3940,L4972,0.064
L3940,L5024,0.003
L3940,L5047,0.023
L3940,L5055,0.019
L3940,L5062,0.011
L3940,L5072,0.003
L3940,L5174,0.181
L3940,L5227,0.074
L3940,L5230,0.018
L3940,L5238,0.277
L3940,L5276,0.059
L3940,L5281,0.038
L3940,L5400,0.048
L3940,L5407,0.048
L3940,L5414,0.287
L3940,L5593,0.009
L3944,L4889,0.012
L3944,L4966,0.002
L3944,L4979,0.006
L3944,L4991,0.088
L3944,L5037,0.284
L3944,L5062,0.002
L3944,L5072,0.002
L3944,L5092,0.003
L3944,L5219,0.072
L3944,L5593,0.005
L3984,L4441,0.993
L3984,L4451,0.999
L3984,L4937,0.999
L3984,L5014,0.171
L3984,L5048,1.000
L3984,L5066,0.017
L3984,L5070,0.969
L3984,L5227,0.673
L3984,L5244,0.960
L3984,L5261,0.999
L3984,L5263,0.008
L3984,L5407,0.999
L3984,L5483,0.783
L4008,L4425,0.146
L4008,L4905,0.008
L4008,L5048,0.215
L4008,L5138,0.034
L4008,L5246,0.950
L4008,L5276,0.004
L4008,L5315,0.003
L4008,L5476,1.000
L4053,L4418,0.999
L4053,L4425,0.425
L4053,L4451,0.270
L4053,L4462,0.002
L4053,L5048,0.003
L4053,L5138,0.113
L4053,L5246,0.001
L4053,L5276,0.066
L4053,L5453,0.002
L4053,L5476,0.003
L4418,L4425,0.920
L4418,L4905,0.008
L4418,L5045,0.010
L4418,L5048,0.755
L4418,L5138,0.041
L4418,L5246,0.918
L4418,L5276,0.142
L4418,L5315,0.004
L4418,L5476,0.001
L4424,L4889,0.003
L4424,L5063,0.447
L4424,L5300,0.002
L4424,L5464,0.003
L4425,L4441,0.051
L4425,L5069,0.040
L4425,L5071,1.000
L4425,L5248,1.000
L4425,L5276,0.994
L4425,L5315,0.801
L4441,L4451,0.943
L4441,L4966,0.014
L4441,L4979,0.009
L4441,L5036,0.997
L4441,L5138,0.018
L4441,L5261,0.999
L4441,L5407,1.000
L4441,L5453,0.932
L4441,L5476,0.425
L4441,L5488,0.002
L4451,L4462,0.003
L4451,L5066,0.035
L4451,L5315,0.002
L4451,L5390,0.032
L4451,L5407,0.194
L4451,L5488,0.002
L4462,L4951,0.380
L4462,L4966,0.010
L4462,L4991,0.159
L4462,L5037,0.020
L4462,L5045,0.002
L4462,L5055,0.033
L4462,L5062,0.009
L4462,L5092,0.527
L4462,L5174,0.065
L4462,L5177,0.015
L4462,L5230,0.998
L4462,L5238,0.003
L4462,L5248,0.934
L4462,L5300,0.998
L4462,L5414,0.500
L4462,L5580,0.996
L4889,L4923,0.134
L4889,L5037,0.002
L4889,L5174,0.305
L4889,L5177,0.121
L4889,L5238,0.298
L4889,L5239,0.007
L4889,L5244,0.824
L4889,L5276,0.020
L4889,L5393,0.025
L4899,L5062,0.005
L4899,L5238,0.002
L4899,L5248,0.017
L4899,L5261,0.010
L4899,L5400,0.842
L4905,L5071,0.008
L4905,L5225,0.002
L4905,L5246,0.957
L4905,L5588,0.001
L4905,L5593,0.004
L4921,L4991,0.001
L4921,L5048,0.037
L4921,L5071,0.998
L4921,L5138,0.021
L4921,L5276,0.036
L4921,L5465,0.083
L4921,L5468,0.207
L4921,L5580,0.045
L4921,L5593,0.007
L4923,L4979,0.132
L4923,L5014,0.133
L4923,L5047,0.013
L4923,L5062,0.135
L4923,L5072,0.482
L4923,L5174,0.218
L4923,L5177,0.362
L4923,L5227,0.862
L4923,L5238,0.240
L4923,L5253,0.004
L4923,L5276,0.020
L4923,L5281,0.135
L4923,L5400,0.134
L4923,L5414,0.018
L4923,L5464,0.119
L4923,L5483,0.865
L4923,L5488,0.135
L4937,L5064,0.002
L4937,L5066,0.828
L4937,L5070,0.061
L4937,L5244,0.017
L4937,L5261,0.327
L4937,L5315,0.004
L4937,L5390,0.750
L4937,L5407,1.000
L4951,L4972,0.006
L4951,L4991,0.017
L4951,L5036,0.013
L4951,L5047,0.919
L4951,L5072,0.788
L4951,L5092,0.003
L4951,L5238,0.236
L4951,L5261,0.004
L4951,L5263,0.937
L4951,L5276,0.041
L4951,L5281,0.999
L4951,L5400,0.981
L4951,L5407,0.727
L4966,L5066,0.019
L4972,L5069,0.048
L4972,L5138,0.097
L4972,L5174,0.043
L4972,L5238,0.043
L4972,L5244,0.015
L4972,L5253,0.013
L4972,L5261,0.718
L4972,L5276,0.011
L4972,L5400,0.006
L4972,L5407,0.270
L4972,L5414,0.119
L4979,L5066,0.008
L4979,L5070,0.101
L4979,L5227,0.002
L4979,L5261,0.854
L4979,L5390,0.001
L4979,L5407,1.000
L4979,L5483,0.022
L4991,L5045,0.106
L4991,L5063,0.004
L4991,L5230,0.006
L4991,L5238,0.051
L4991,L5246,0.034
L4991,L5273,0.001
L5014,L5070,0.041
L5014,L5227,0.204
L5014,L5244,0.005
L5014,L5261,0.716
L5014,L5407,0.269
L5014,L5483,0.004
L5024,L5067,0.001
L5024,L5069,0.002
L5024,L5072,0.100
L5024,L5092,0.004
L5024,L5281,0.006
L5024,L5400,0.004
L5024,L5414,0.859
L5024,L5485,0.825
L5024,L5588,0.033
L5036,L5037,0.027
L5036,L5045,0.377
L5036,L5072,0.780
L5036,L5138,0.003
L5036,L5174,0.329
L5036,L5476,0.718
L5037,L5045,0.957
L5037,L5062,0.064
L5037,L5230,0.004
L5037,L5238,0.503
L5037,L5248,0.078
L5037,L5281,0.967
L5037,L5400,0.979
L5037,L5464,0.978
L5037,L5588,0.890
L5045,L5062,0.004
L5045,L5071,0.941
L5045,L5092,0.005
L5047,L5055,0.004
L5047,L5067,0.049
L5047,L5072,0.109
L5047,L5177,0.999
L5047,L5236,0.002
L5047,L5238,0.291
L5047,L5273,0.012
L5047,L5276,0.020
L5047,L5300,0.954
L5047,L5414,0.012
L5047,L5469,0.012
L5047,L5483,0.734
L5047,L5588,0.931
L5047,L5593,0.002
L5048,L5064,0.451
L5048,L5071,0.081
L5048,L5239,0.003
L5048,L5246,0.030
L5048,L5253,0.843
L5048,L5263,0.001
L5048,L5476,0.094
L5055,L5062,0.007
L5055,L5225,0.001
L5055,L5238,0.015
L5055,L5248,0.016
L5055,L5273,0.001
L5055,L5414,0.358
L5055,L5485,0.002
L5057,L5068,0.061
L5057,L5174,0.309
L5062,L5238,0.002
L5062,L5248,0.540
L5062,L5253,0.016
L5062,L5276,0.020
L5062,L5588,0.999
L5062,L5593,0.005
L5063,L5225,0.292
L5063,L5465,0.916
L5063,L5485,0.889
L5063,L5580,0.090
L5064,L5066,0.017
L5064,L5070,0.977
L5064,L5219,0.994
L5064,L5227,0.929
L5064,L5236,0.020
L5064,L5244,0.096
L5064,L5261,0.040
L5064,L5263,0.984
L5064,L5273,0.764
L5064,L5390,0.043
L5064,L5453,0.147
L5064,L5483,0.993
L5066,L5092,0.002
L5066,L5138,0.022
L5066,L5407,0.936
L5066,L5453,0.031
L5066,L5476,0.124
L5066,L5483,0.010
L5067,L5230,0.003
L5067,L5238,0.166
L5067,L5414,0.174
L5067,L5464,0.001
L5069,L5138,0.150
L5069,L5177,0.885
L5069,L5246,0.003
L5069,L5476,0.959
L5070,L5407,0.009
L5070,L5453,0.999
L5070,L5476,0.003
L5070,L5488,0.168
L5071,L5138,0.132
L5071,L5246,0.004
L5071,L5315,0.999
L5071,L5469,0.575
L5071,L5476,0.947
L5072,L5092,0.782
L5072,L5248,0.006
L5072,L5400,0.001
L5072,L5469,0.011
L5092,L5174,0.012
L5092,L5177,0.964
L5092,L5225,0.002
L5092,L5476,0.782
L5092,L5588,0.035
L5092,L5593,0.961
L5138,L5246,0.013
L5174,L5276,0.235
L5174,L5281,0.002
L5174,L5464,0.161
L5177,L5238,0.920
L5177,L5248,0.011
L5177,L5414,0.004
L5177,L5465,0.002
L5219,L5464,0.025
L5225,L5236,0.002
L5225,L5246,0.004
L5225,L5464,0.090
L5227,L5238,0.526
L5227,L5261,0.655
L5227,L5276,0.020
L5227,L5281,0.128
L5227,L5390,1.000
L5227,L5400,0.005
L5227,L5464,0.004
L5230,L5238,0.329
L5230,L5244,0.009
L5230,L5263,0.720
L5230,L5276,0.020
L5230,L5300,0.104
L5230,L5393,0.916
L5230,L5593,0.096
L5236,L5238,0.051
L5238,L5244,0.075
L5238,L5281,0.271
L5238,L5393,0.012
L5238,L5400,0.034
L5238,L5464,0.178
L5238,L5580,0.001
L5238,L5588,0.304
L5244,L5261,0.641
L5244,L5276,0.020
L5244,L5281,0.990
L5244,L5400,0.632
L5244,L5464,0.003
L5244,L5469,0.321
L5246,L5315,0.079
L5246,L5465,0.977
L5246,L5469,0.004
L5246,L5580,0.013
L5248,L5300,0.001
L5248,L5593,1.000
L5253,L5276,0.002
L5253,L5483,0.005
L5261,L5400,0.021
L5261,L5407,0.330
L5261,L5453,1.000
L5261,L5469,0.327
L5261,L5483,0.001
L5263,L5393,0.007
L5273,L5414,0.039
L5276,L5281,0.020
L5276,L5400,0.020
L5276,L5407,0.968
L5276,L5414,0.072
L5276,L5464,0.020
L5276,L5469,0.375
L5276,L5476,0.826
L5276,L5483,0.020
L5281,L5414,0.994
L5300,L5468,0.604
L5300,L5580,0.009
L5300,L5588,0.910
L5315,L5469,0.011
L5315,L5476,0.661
L5390,L5483,0.006
L5393,L5400,0.004
L5393,L5407,0.990
L5393,L5485,0.895
L5400,L5414,0.255
L5407,L5453,0.151
L5407,L5488,0.029
L5414,L5588,0.002
L5464,L5483,0.010
L5469,L5476,0.041
L3231,L3380,0.521
L3231,L3622,0.009
L3231,L3715,0.010
L3231,L5083,0.100
L3231,L5095,0.466
L3231,L5104,0.547
L3231,L5148,0.047
L3231,L5210,0.062
L3231,L5235,0.142
L3231,L5257,0.007
L3294,L3361,0.462
L3294,L3378,0.039
L3294,L3625,0.292
L3294,L3628,0.075
L3294,L3642,0.040
L3294,L3708,0.030
L3294,L3717,0.075
L3294,L3723,0.075
L3294,L3725,0.073
L3294,L3730,0.075
L3294,L3732,0.075
L3294,L3734,0.075
L3294,L4977,0.020
L3294,L4982,0.076
L3294,L5006,0.075
L3294,L5083,0.075
L3294,L5091,0.075
L3294,L5106,0.075
L3294,L5145,0.470
L3294,L5146,0.075
L3294,L5158,0.213
L3294,L5160,0.075
L3294,L5161,0.370
L3294,L5184,0.075
L3294,L5233,0.075
L3294,L5240,0.019
L3294,L5245,0.075
L3294,L5256,0.020
L3294,L5274,0.171
L3294,L5278,0.075
L3294,L5294,0.075
L3294,L5297,0.075
L3294,L5302,0.010
L3294,L5314,0.075
L3294,L5327,0.569
L3294,L5359,0.344
L3294,L5394,0.014
L3294,L5396,0.075
L3294,L5406,0.494
L3294,L5420,0.013
L3294,L5432,0.039
L3361,L3377,0.158
L3361,L3378,0.004
L3361,L3620,0.001
L3361,L3703,0.005
L3361,L3706,0.005
L3361,L3713,0.995
L3361,L3730,0.003
L3361,L5006,0.135
L3361,L5049,0.005
L3361,L5158,0.034
L3361,L5210,0.005
L3361,L5215,0.218
L3361,L5278,0.087
L3361,L5303,0.003
L3361,L5398,0.004
L3361,L5401,0.005
L3361,L5404,0.024
L3361,L5415,0.004
L3361,L5420,0.005
L3361,L5427,0.992
L3377,L3380,0.003
L3377,L3620,0.021
L3377,L3724,0.002
L3377,L5104,0.976
L3377,L5151,0.019
L3377,L5278,0.039
L3377,L5311,0.005
L3377,L5365,0.920
L3377,L5401,0.007
L3377,L5405,0.288
L3377,L5408,0.957
L3378,L4983,0.027
L3378,L5007,0.066
L3378,L5144,0.005
L3378,L5161,0.885
L3378,L5184,0.002
L3378,L5274,0.541
L3378,L5302,0.002
L3378,L5308,0.009
L3378,L5365,0.007
L3378,L5401,0.004
L3380,L3606,0.973
L3380,L3706,0.041
L3380,L3708,1.000
L3380,L4983,0.028
L3380,L5084,0.195
L3380,L5095,1.000
L3380,L5106,0.075
L3380,L5148,0.999
L3380,L5215,0.048
L3380,L5303,0.002
L3380,L5314,0.984
L3380,L5392,1.000
L3380,L5396,0.130
L3380,L5399,0.994
L3380,L5404,0.772
L3380,L5409,0.878
L3380,L5411,0.996
L3380,L5415,0.007
L3606,L3620,0.987
L3606,L3635,0.998
L3606,L3642,0.883
L3606,L3706,0.017
L3606,L3708,0.009
L3606,L3723,0.218
L3606,L5104,0.065
L3606,L5106,0.977
L3606,L5151,0.922
L3606,L5160,0.002
L3606,L5283,0.476
L3606,L5302,0.051
L3606,L5308,0.976
L3606,L5326,0.557
L3606,L5417,0.140
L3620,L3628,0.001
L3620,L3635,0.108
L3620,L3730,0.007
L3620,L5006,0.019
L3620,L5084,0.250
L3620,L5095,0.002
L3620,L5144,0.344
L3620,L5302,0.777
L3620,L5359,0.049
L3620,L5394,0.011
L3620,L5398,0.003
L3620,L5399,0.002
L3620,L5405,0.001
L3620,L5411,0.011
L3622,L3635,0.096
L3622,L3642,0.319
L3622,L3720,0.008
L3622,L3725,0.011
L3622,L5105,0.010
L3622,L5158,0.030
L3622,L5160,0.002
L3622,L5161,0.404
L3622,L5240,0.005
L3622,L5256,0.005
L3622,L5283,0.533
L3622,L5302,0.041
L3622,L5401,0.113
L3622,L5408,0.022
L3622,L5428,0.540
L3622,L5432,0.293
L3625,L3704,0.007
L3625,L5161,0.016
L3625,L5240,0.002
L3625,L5359,0.005
L3625,L5394,0.002
L3625,L5398,0.014
L3625,L5420,0.660
L3628,L3713,0.016
L3628,L3720,0.030
L3628,L3728,0.002
L3628,L5145,0.011
L3628,L5327,0.704
L3628,L5420,0.851
L3628,L5428,0.303
L3635,L3725,0.002
L3635,L5084,0.856
L3635,L5095,0.434
L3635,L5158,0.115
L3635,L5237,0.001
L3635,L5274,0.002
L3635,L5308,0.043
L3635,L5327,0.893
L3635,L5399,0.962
L3635,L5428,0.047
L3642,L3703,0.800
L3642,L3704,0.031
L3642,L3715,0.114
L3642,L3725,0.981
L3642,L5049,0.034
L3642,L5084,0.530
L3642,L5095,0.259
L3642,L5158,0.013
L3642,L5161,0.761
L3642,L5237,0.003
L3642,L5256,0.996
L3642,L5274,0.022
L3642,L5283,0.897
L3642,L5311,0.007
L3642,L5327,0.005
L3642,L5399,0.635
L3642,L5428,0.826
L3703,L3713,0.988
L3703,L5105,0.002
L3703,L5198,0.993
L3703,L5256,0.006
L3704,L3730,0.120
L3704,L5146,0.003
L3704,L5198,0.743
L3704,L5294,0.032
L3704,L5417,0.121
L3704,L5427,0.061
L3706,L3717,0.020
L3706,L5083,0.994
L3706,L5104,0.889
L3706,L5105,0.279
L3706,L5151,0.005
L3706,L5154,0.413
L3706,L5215,0.011
L3706,L5257,0.999
L3706,L5409,0.072
L3708,L3716,0.833
L3708,L5027,0.385
L3708,L5104,0.996
L3708,L5215,0.345
L3708,L5326,0.999
L3708,L5399,0.017
L3708,L5408,0.006
L3708,L5420,0.016
L3713,L3716,0.002
L3713,L3729,0.047
L3713,L3730,0.992
L3713,L3732,0.973
L3713,L3734,0.127
L3713,L4983,0.003
L3713,L5006,0.360
L3713,L5145,0.997
L3713,L5303,0.605
L3713,L5365,0.206
L3713,L5398,0.002
L3713,L5401,0.022
L3713,L5404,0.320
L3713,L5405,0.224
L3713,L5427,0.007
L3715,L3725,1.000
L3715,L5105,0.011
L3715,L5108,0.654
L3715,L5235,0.004
L3715,L5240,0.002
L3715,L5274,0.723
L3715,L5311,0.038
L3715,L5314,0.065
L3715,L5401,0.042
L3715,L5420,0.643
L3716,L4982,0.038
L3716,L4983,0.033
L3716,L5105,0.098
L3716,L5198,0.996
L3716,L5235,0.005
L3716,L5404,0.001
L3716,L5409,0.085
L3717,L5095,0.200
L3717,L5148,0.002
L3717,L5294,0.002
L3717,L5392,0.004
L3717,L5409,0.004
L3717,L5415,0.014
L3717,L5428,0.017
L3720,L3724,0.017
L3720,L5027,0.001
L3720,L5108,0.001
L3720,L5158,0.019
L3720,L5215,0.025
L3720,L5283,0.019
L3720,L5405,0.148
L3720,L5408,0.018
L3723,L5084,0.029
L3723,L5161,0.001
L3723,L5257,0.010
L3723,L5326,0.169
L3724,L5091,0.037
L3724,L5257,0.693
L3724,L5283,0.061
L3724,L5404,0.993
L3724,L5409,0.722
L3724,L5411,0.979
L3724,L5432,0.013
L3725,L3730,0.004
L3725,L3732,0.006
L3725,L5006,0.816
L3725,L5091,0.836
L3725,L5144,0.713
L3725,L5210,0.003
L3725,L5240,0.299
L3725,L5278,0.003
L3725,L5302,1.000
L3725,L5394,0.984
L3725,L5432,0.007
L3729,L5091,0.228
L3729,L5154,0.624
L3729,L5198,0.783
L3729,L5215,0.614
L3729,L5240,0.003
L3729,L5278,0.002
L3729,L5406,0.018
L3730,L5365,0.003
L3732,L5105,0.005
L3732,L5274,0.008
L3732,L5308,0.006
L3732,L5327,0.010
L3732,L5404,0.021
L3732,L5411,0.029
L3732,L5428,0.039
L3734,L5083,0.003
L3734,L5105,0.862
L3734,L5161,0.149
L3734,L5240,0.026
L3734,L5404,0.002
L4977,L5007,0.005
L4977,L5145,0.122
L4977,L5158,0.076
L4977,L5161,0.004
L4977,L5215,0.076
L4977,L5256,0.001
L4977,L5274,0.011
L4977,L5283,0.076
L4977,L5327,0.250
L4977,L5365,0.228
L4977,L5405,0.002
L4977,L5428,0.162
L4982,L5027,0.547
L4982,L5105,0.020
L4982,L5145,0.003
L4982,L5398,0.273
L4982,L5408,0.003
L4982,L5411,0.067
L4983,L5104,0.001
L4983,L5105,0.967
L4983,L5245,0.006
L4983,L5308,0.024
L4983,L5359,0.249
L4983,L5401,0.903
L5006,L5106,0.678
L5006,L5145,0.012
L5006,L5158,0.001
L5006,L5160,0.019
L5006,L5184,0.013
L5006,L5274,0.001
L5006,L5303,0.466
L5006,L5308,0.004
L5006,L5405,0.004
L5006,L5408,0.013
L5006,L5420,0.789
L5006,L5428,0.887
L5007,L5198,0.027
L5007,L5235,0.536
L5007,L5404,0.065
L5007,L5411,0.004
L5027,L5154,0.965
L5027,L5235,0.872
L5027,L5257,0.873
L5027,L5278,0.003
L5027,L5294,0.991
L5027,L5305,0.001
L5027,L5392,0.021
L5027,L5409,0.999
L5027,L5415,0.040
L5027,L5432,0.005
L5049,L5105,0.010
L5049,L5274,0.645
L5049,L5394,0.059
L5049,L5417,0.095
L5083,L5095,0.003
L5083,L5148,0.001
L5084,L5160,0.767
L5084,L5215,0.002
L5084,L5240,0.456
L5084,L5256,0.475
L5084,L5297,0.002
L5084,L5302,0.006
L5084,L5308,0.959
L5084,L5311,0.946
L5084,L5326,0.570
L5084,L5392,0.049
L5091,L5106,0.003
L5091,L5160,0.944
L5091,L5235,0.935
L5091,L5308,0.003
L5091,L5359,0.111
L5091,L5401,0.020
L5091,L5408,0.523
L5091,L5428,0.999
L5095,L5104,0.026
L5095,L5144,0.045
L5095,L5146,0.281
L5095,L5151,0.594
L5095,L5160,0.004
L5095,L5184,0.022
L5095,L5215,0.423
L5095,L5240,0.039
L5095,L5256,0.005
L5095,L5286,0.041
L5095,L5297,0.081
L5095,L5302,0.869
L5095,L5311,0.005
L5095,L5314,0.995
L5095,L5326,1.000
L5095,L5409,0.039
L5104,L5148,0.029
L5104,L5154,0.921
L5104,L5160,0.016
L5104,L5215,0.922
L5104,L5283,0.005
L5104,L5303,0.984
L5104,L5392,0.015
L5104,L5399,0.260
L5104,L5404,0.062
L5104,L5406,1.000
L5104,L5409,0.974
L5104,L5411,0.001
L5104,L5415,0.928
L5105,L5108,0.001
L5105,L5235,0.084
L5105,L5257,0.001
L5105,L5278,0.355
L5105,L5311,0.953
L5105,L5359,0.942
L5105,L5365,0.220
L5105,L5401,0.970
L5105,L5404,0.180
L5105,L5408,0.071
L5105,L5411,0.017
L5105,L5420,0.014
L5106,L5278,0.577
L5108,L5392,0.626
L5144,L5148,0.603
L5144,L5198,0.477
L5144,L5283,0.278
L5144,L5327,0.978
L5144,L5399,0.961
L5144,L5428,0.016
L5145,L5198,0.787
L5145,L5215,0.249
L5145,L5233,0.677
L5145,L5245,0.054
L5145,L5257,0.005
L5145,L5294,0.083
L5145,L5305,0.010
L5145,L5406,1.000
L5145,L5411,0.031
L5145,L5415,0.004
L5146,L5161,0.051
L5148,L5151,0.535
L5148,L5160,0.004
L5148,L5240,0.008
L5148,L5297,0.013
L5148,L5302,0.002
L5148,L5308,0.784
L5148,L5311,0.272
L5148,L5314,0.499
L5148,L5392,0.009
L5148,L5409,0.003
L5148,L5415,0.011
L5148,L5417,0.872
L5151,L5215,0.954
L5151,L5240,0.460
L5151,L5257,0.967
L5151,L5286,0.035
L5151,L5297,0.081
L5151,L5303,0.044
L5151,L5305,0.555
L5151,L5392,0.102
L5151,L5399,0.696
L5151,L5404,0.997
L5151,L5406,0.004
L5151,L5411,0.004
L5154,L5160,1.000
L5154,L5184,0.982
L5154,L5235,0.010
L5154,L5401,0.083
L5154,L5408,0.867
L5158,L5161,0.098
L5158,L5303,0.942
L5158,L5394,0.010
L5158,L5399,0.207
L5158,L5408,0.051
L5158,L5411,0.033
L5160,L5215,0.001
L5160,L5274,0.591
L5160,L5326,0.002
L5161,L5210,0.554
L5161,L5245,0.001
L5161,L5278,0.002
L5161,L5283,0.009
L5161,L5427,0.998
L5161,L5432,0.865
L5184,L5215,0.161
L5184,L5399,0.807
L5184,L5406,0.023
L5198,L5256,0.073
L5198,L5274,0.393
L5198,L5327,0.166
L5198,L5365,0.003
L5198,L5392,0.069
L5210,L5237,0.011
L5210,L5274,0.232
L5210,L5283,0.163
L5210,L5428,0.057
L5215,L5256,0.524
L5215,L5359,0.648
L5215,L5399,0.409
L5215,L5406,0.344
L5215,L5409,0.010
L5233,L5235,0.034
L5233,L5274,0.002
L5233,L5327,0.001
L5233,L5398,0.020
L5233,L5401,0.909
L5235,L5256,0.017
L5235,L5257,0.038
L5235,L5359,0.012
L5235,L5398,0.046
L5235,L5404,0.006
L5235,L5405,0.894
L5235,L5408,0.897
L5235,L5420,0.672
L5237,L5326,0.001
L5237,L5411,0.001
L5237,L5417,0.040
L5240,L5326,0.009
L5240,L5420,0.003
L5245,L5303,0.032
L5256,L5399,0.474
L5256,L5404,0.583
L5256,L5432,0.004
L5257,L5314,0.019
L5257,L5326,0.001
L5257,L5365,0.001
L5257,L5399,0.021
L5274,L5278,0.962
L5274,L5283,0.005
L5274,L5294,0.070
L5274,L5302,0.997
L5274,L5394,0.057
L5274,L5417,0.999
L5274,L5427,0.034
L5278,L5283,0.002
L5278,L5308,0.005
L5278,L5365,0.109
L5278,L5408,0.058
L5283,L5302,0.104
L5283,L5326,0.007
L5283,L5327,0.001
L5283,L5404,0.001
L5283,L5408,0.010
L5283,L5417,0.024
L5283,L5428,0.015
L5286,L5359,0.456
L5286,L5365,0.001
L5286,L5408,0.017
L5294,L5327,1.000
L5294,L5365,0.002
L5294,L5396,0.001
L5294,L5398,0.820
L5294,L5401,0.001
L5294,L5420,0.062
L5297,L5326,0.001
L5297,L5392,0.217
L5297,L5399,0.042
L5297,L5409,0.784
L5297,L5432,0.001
L5302,L5327,0.659
L5302,L5399,1.000
L5302,L5428,0.999
L5303,L5311,0.079
L5303,L5405,0.983
L5303,L5420,0.005
L5303,L5432,0.002
L5305,L5401,0.001
L5305,L5405,0.032
L5308,L5399,0.122
L5308,L5408,0.312
L5308,L5411,0.049
L5311,L5365,0.243
L5311,L5399,0.883
L5311,L5401,0.020
L5311,L5404,0.870
L5314,L5327,0.039
L5314,L5399,0.044
L5314,L5409,0.008
L5326,L5392,1.000
L5326,L5396,0.006
L5326,L5409,0.298
L5326,L5411,0.036
L5326,L5415,0.037
L5327,L5394,0.086
L5327,L5396,0.010
L5327,L5417,1.000
L5327,L5427,0.002
L5327,L5432,0.003
L5359,L5409,0.446
L5359,L5415,0.833
L5359,L5432,0.010
L5365,L5432,0.014
L5392,L5405,0.010
L5394,L5399,0.997
L5394,L5428,0.997
L5398,L5409,0.250
L5399,L5406,0.992
L5399,L5417,0.857
L5401,L5409,0.006
L5401,L5411,0.123
L5404,L5405,0.828
L5404,L5420,0.013
L5405,L5406,0.999
L5405,L5409,0.372
L5405,L5432,0.002
L5406,L5420,0.002
L5406,L5432,0.007
L5408,L5411,0.012
L5408,L5427,0.015
L5408,L5432,0.016
L5409,L5432,0.001
L5411,L5420,0.999
L5415,L5420,0.002
L5417,L5428,0.130
L3222,L3350,0.009
L3222,L3695,0.028
L3222,L4442,0.002
L3222,L4459,0.001
L3222,L4914,0.007
L3222,L4949,0.012
L3222,L5480,0.002
L3222,L5537,0.998
L3226,L4474,0.303
L3226,L4912,0.114
L3226,L5499,0.002
L3226,L5500,0.014
L3226,L5537,0.119
L3236,L3335,0.374
L3236,L3339,0.998
L3236,L3426,0.012
L3236,L3694,0.740
L3236,L4034,0.018
L3236,L4465,0.005
L3236,L4476,0.975
L3236,L4479,0.459
L3236,L4480,0.238
L3236,L4916,0.212
L3236,L4920,0.180
L3236,L4931,0.006
L3236,L5474,0.123
L3236,L5475,0.002
L3236,L5584,0.010
L3236,L5609,0.072
L3253,L3342,0.043
L3253,L3349,0.051
L3253,L3392,0.005
L3253,L3587,0.048
L3253,L3694,0.003
L3253,L3869,0.036
L3253,L4466,0.101
L3253,L4474,0.026
L3253,L4480,0.216
L3253,L4919,0.575
L3253,L5500,0.019
L3253,L5564,0.043
L3253,L5569,0.450
L3253,L5592,0.145
L3260,L3324,0.006
L3260,L3350,0.009
L3260,L3392,0.006
L3260,L3407,0.840
L3260,L4422,0.001
L3260,L4455,0.006
L3260,L4466,0.044
L3260,L4467,0.028
L3260,L5587,0.491
L3322,L3336,0.002
L3322,L3339,0.016
L3322,L3342,0.071
L3322,L3350,0.054
L3322,L3392,0.005
L3322,L3587,0.068
L3322,L4034,1.000
L3322,L4422,0.057
L3322,L4465,0.965
L3322,L4474,0.027
L3322,L4476,0.027
L3322,L4480,0.232
L3322,L4916,0.999
L3322,L5472,0.007
L3322,L5536,0.006
L3322,L5564,0.043
L3322,L5584,0.067
L3322,L5609,0.005
L3323,L3336,0.003
L3323,L3392,0.005
L3323,L4422,0.974
L3323,L4927,0.792
L3323,L5472,0.985
L3323,L5564,0.043
L3323,L5608,0.995
L3323,L5609,0.007
L3324,L3326,0.084
L3324,L3338,0.754
L3324,L3349,0.116
L3324,L3672,0.835
L3324,L3685,0.923
L3324,L4410,0.011
L3324,L4422,0.001
L3324,L4442,0.043
L3324,L4447,0.213
L3324,L4453,0.114
L3324,L4457,0.003
L3324,L4459,0.003
L3324,L4466,0.044
L3324,L4479,0.002
L3324,L4919,0.260
L3324,L4927,0.402
L3324,L4949,0.012
L3324,L5480,0.430
L3324,L5564,0.043
L3324,L5568,0.038
L3326,L3392,0.005
L3326,L4034,0.900
L3326,L4422,0.256
L3326,L4474,0.046
L3326,L4480,0.066
L3326,L4916,0.012
L3326,L4924,0.007
L3326,L4927,0.007
L3326,L5564,0.043
L3326,L5592,0.833
L3326,L5608,0.228
L3335,L3392,0.005
L3335,L3587,0.002
L3335,L3866,0.016
L3335,L4034,0.371
L3335,L4422,0.055
L3335,L4480,0.417
L3335,L4924,0.009
L3335,L5472,0.963
L3335,L5500,0.002
L3335,L5564,0.043
L3336,L3339,0.011
L3336,L3392,0.043
L3336,L3587,0.779
L3336,L3695,0.039
L3336,L4034,0.004
L3336,L4422,0.144
L3336,L4434,0.039
L3336,L4443,0.678
L3336,L4447,0.039
L3336,L4453,0.039
L3336,L4459,0.039
L3336,L4474,0.017
L3336,L4912,0.039
L3336,L4913,0.039
L3336,L4916,0.996
L3336,L5472,0.011
L3336,L5498,0.039
L3336,L5538,0.039
L3336,L5546,0.039
L3336,L5564,0.004
L3336,L5581,0.039
L3336,L5583,0.039
L3336,L5584,0.960
L3336,L5587,0.001
L3336,L5608,0.103
L3338,L3350,0.009
L3338,L4034,0.002
L3338,L4434,0.810
L3338,L4480,0.295
L3338,L5568,0.053
L3339,L3587,1.000
L3339,L3694,0.398
L3339,L3866,0.005
L3339,L4421,0.170
L3339,L4471,1.000
L3339,L4477,0.007
L3339,L4914,0.931
L3339,L4920,1.000
L3339,L4931,0.983
L3339,L4949,0.012
L3339,L5472,0.020
L3339,L5475,0.002
L3339,L5478,0.031
L3339,L5500,0.993
L3339,L5584,0.611
L3339,L5597,0.765
L3342,L3350,0.009
L3342,L3392,0.006
L3342,L3407,0.066
L3342,L3413,0.435
L3342,L3866,0.004
L3342,L4415,0.160
L3342,L4422,0.001
L3342,L4457,0.587
L3342,L4466,0.044
L3342,L4467,0.047
L3342,L4472,0.006
L3342,L4890,0.363
L3342,L4913,0.013
L3342,L5538,0.003
L3342,L5546,0.002
L3342,L5575,0.009
L3342,L5581,0.002
L3342,L5587,0.026
L3342,L5599,0.002
L3349,L3350,0.009
L3349,L3392,0.006
L3349,L3407,0.001
L3349,L4422,0.001
L3349,L4466,0.044
L3349,L4912,0.998
L3349,L5474,0.448
L3349,L5493,0.002
L3349,L5546,0.954
L3349,L5564,0.948
L3349,L5581,0.007
L3349,L5587,0.002
L3350,L3392,0.009
L3350,L3407,0.002
L3350,L3672,0.018
L3350,L3695,0.009
L3350,L4086,0.009
L3350,L4410,0.009
L3350,L4419,0.009
L3350,L4421,0.009
L3350,L4434,0.009
L3350,L4442,0.009
L3350,L4443,0.009
L3350,L4444,0.009
L3350,L4447,0.009
L3350,L4453,0.009
L3350,L4454,0.009
L3350,L4459,0.009
L3350,L4474,0.009
L3350,L4475,0.004
L3350,L4479,0.009
L3350,L4890,0.072
L3350,L4898,0.137
L3350,L4919,0.009
L3350,L4927,0.009
L3350,L5489,0.105
L3350,L5496,0.272
L3350,L5499,0.009
L3350,L5537,0.206
L3350,L5560,0.009
L3350,L5592,0.009
L3350,L5602,0.896
L3390,L4086,0.002
L3390,L4442,0.996
L3390,L4446,0.014
L3390,L4931,0.002
L3390,L5564,0.273
L3390,L5592,0.995
L3390,L5602,0.002
L3392,L3407,0.005
L3392,L3413,0.005
L3392,L3672,0.574
L3392,L3685,0.882
L3392,L3866,0.028
L3392,L4086,0.006
L3392,L4410,0.697
L3392,L4442,0.012
L3392,L4443,0.006
L3392,L4447,0.005
L3392,L4457,0.005
L3392,L4471,0.005
L3392,L4474,0.006
L3392,L4475,0.069
L3392,L4479,0.011
L3392,L4890,0.005
L3392,L4898,0.006
L3392,L4913,0.006
L3392,L4919,0.006
L3392,L4920,0.005
L3392,L4927,0.006
L3392,L4949,0.012
L3392,L5481,0.968
L3392,L5546,0.005
L3392,L5587,0.041
L3392,L5592,0.006
L3392,L5597,0.005
L3392,L5599,0.006
L3404,L3683,0.001
L3404,L3694,0.052
L3404,L4443,0.002
L3404,L5477,0.168
L3404,L5562,0.155
L3407,L3426,0.261
L3407,L4034,0.010
L3407,L4086,0.947
L3407,L4422,0.044
L3407,L4446,0.018
L3407,L4476,0.005
L3407,L4480,0.071
L3407,L4924,0.002
L3407,L5500,0.918
L3407,L5564,0.043
L3407,L5587,0.024
L3407,L5592,0.001
L3407,L5608,0.002
L3407,L5609,0.006
L3413,L3426,0.019
L3413,L3869,0.006
L3413,L4086,0.004
L3413,L4466,0.003
L3413,L4480,0.004
L3413,L4931,0.019
L3413,L5536,0.138
L3413,L5564,0.043
L3413,L5584,0.119
L3413,L5609,0.001
L3426,L3587,0.505
L3426,L4422,0.084
L3426,L4444,0.012
L3426,L4446,0.009
L3426,L4457,0.032
L3426,L4920,0.007
L3426,L4924,0.036
L3426,L4949,0.012
L3426,L5472,1.000
L3426,L5475,0.989
L3426,L5478,0.005
L3426,L5500,0.002
L3426,L5536,0.859
L3426,L5547,0.005
L3426,L5584,0.172
L3426,L5602,0.004
L3587,L4446,0.001
L3587,L4916,0.970
L3587,L4920,0.729
L3587,L5478,0.003
L3587,L5538,0.999
L3587,L5581,0.196
L3587,L5583,0.008
L3587,L5597,0.018
L3587,L5608,0.002
L3587,L5609,0.354
L3672,L3869,0.002
L3672,L4415,1.000
L3672,L4442,0.647
L3672,L4444,0.050
L3672,L4447,0.055
L3672,L4453,0.002
L3672,L4477,0.709
L3672,L4925,0.030
L3672,L4949,0.012
L3672,L5504,0.997
L3672,L5560,0.001
L3672,L5611,0.450
L3673,L4898,0.241
L3677,L3680,0.051
L3683,L5477,0.974
L3685,L3869,0.762
L3685,L4434,0.606
L3685,L4442,0.998
L3685,L4447,0.066
L3685,L4453,0.529
L3685,L4454,0.201
L3685,L4459,0.546
L3685,L4463,0.952
L3685,L4467,0.866
L3685,L4479,0.997
L3685,L4925,0.690
L3685,L4949,0.012
L3685,L5496,0.001
L3685,L5504,0.998
L3685,L5611,1.000
L3694,L4034,0.589
L3694,L4436,0.972
L3694,L4442,0.998
L3694,L4465,0.015
L3694,L4477,0.002
L3694,L4480,0.550
L3694,L4901,0.986
L3694,L4914,0.020
L3694,L4916,0.445
L3694,L5500,0.002
L3694,L5537,0.998
L3694,L5569,0.047
L3694,L5599,0.003
L3694,L5601,0.096
L3695,L3866,0.023
L3695,L3869,0.980
L3695,L4410,0.001
L3695,L4419,0.446
L3695,L4421,0.024
L3695,L4444,0.373
L3695,L4454,0.048
L3695,L4475,0.073
L3695,L4479,0.995
L3695,L4898,0.002
L3695,L4949,0.012
L3695,L5498,0.103
L3695,L5538,0.002
L3695,L5546,0.002
L3695,L5564,0.227
L3695,L5568,0.418
L3695,L5587,0.044
L3866,L4034,0.015
L3866,L4434,0.023
L3866,L4446,0.056
L3866,L4447,0.023
L3866,L4453,0.023
L3866,L4459,0.023
L3866,L4474,0.014
L3866,L4476,0.016
L3866,L4480,0.015
L3866,L4898,0.019
L3866,L4912,0.023
L3866,L4913,0.023
L3866,L4919,0.967
L3866,L4927,0.377
L3866,L5498,0.023
L3866,L5538,0.023
L3866,L5546,0.023
L3866,L5564,0.021
L3866,L5581,0.023
L3866,L5583,0.023
L3866,L5584,0.021
L3866,L5599,0.022
L3869,L4422,0.001
L3869,L4434,1.000
L3869,L4442,0.025
L3869,L4444,0.560
L3869,L4453,0.165
L3869,L4466,0.044
L3869,L4474,0.366
L3869,L4949,0.012
L3869,L5564,0.043
L3869,L5587,0.008
L3869,L5599,0.001
L4034,L4446,0.005
L4034,L4454,0.009
L4034,L4457,0.262
L4034,L4475,0.876
L4034,L4890,0.003
L4034,L4898,0.191
L4034,L4914,0.045
L4034,L4924,0.002
L4034,L4949,0.012
L4034,L5500,0.061
L4034,L5537,0.527
L4034,L5587,0.002
L4034,L5599,0.001
L4086,L4422,0.001
L4086,L4455,0.963
L4086,L4466,0.044
L4086,L4467,0.030
L4086,L4890,0.984
L4086,L4898,0.190
L4086,L4902,0.043
L4086,L4912,1.000
L4086,L5498,0.059
L4086,L5564,0.904
L4086,L5583,0.408
L4410,L4453,0.001
L4410,L4459,0.004
L4410,L4479,0.042
L4410,L5560,0.883
L4410,L5568,0.238
L4415,L4443,0.050
L4415,L4901,0.022
L4415,L4902,0.005
L4415,L4912,0.578
L4415,L4913,0.005
L4415,L4927,0.002
L4415,L4943,0.037
L4415,L5478,0.017
L4415,L5480,1.000
L4415,L5481,0.147
L4415,L5609,0.027
L4419,L4442,0.002
L4419,L4459,0.516
L4419,L4476,0.003
L4419,L4480,0.002
L4419,L5568,0.752
L4421,L4442,0.565
L4421,L4453,0.004
L4421,L4465,0.002
L4421,L5480,0.004
L4421,L5499,0.067
L4422,L4443,0.001
L4422,L4455,0.001
L4422,L4465,0.111
L4422,L4474,0.001
L4422,L4477,0.091
L4422,L4898,0.058
L4422,L4913,0.019
L4422,L4916,0.992
L4422,L4919,0.001
L4422,L4920,0.090
L4422,L5472,0.961
L4422,L5547,0.002
L4422,L5587,0.948
L4422,L5592,0.001
L4422,L5599,0.232
L4422,L5608,0.537
L4422,L5609,0.896
L4434,L4444,0.004
L4434,L4455,0.243
L4434,L4475,0.073
L4434,L4898,0.002
L4434,L4913,0.008
L4434,L4949,0.012
L4434,L5481,0.001
L4434,L5538,0.978
L4434,L5546,0.911
L4434,L5564,0.020
L4434,L5568,0.012
L4434,L5587,0.044
L4436,L4446,0.993
L4436,L5504,0.002
L4436,L5564,0.002
L4436,L5602,1.000
L4442,L4454,0.002
L4442,L4455,0.375
L4442,L4472,0.171
L4442,L4902,0.816
L4442,L4931,0.044
L4442,L4943,0.081
L4442,L4949,0.012
L4442,L5480,0.008
L4442,L5481,0.992
L4442,L5560,0.895
L4443,L4455,0.009
L4443,L4457,0.870
L4443,L4466,0.044
L4443,L4890,0.003
L4443,L4898,0.031
L4443,L5498,0.002
L4443,L5562,0.014
L4443,L5564,0.956
L4443,L5575,0.973
L4444,L4453,0.010
L4444,L5568,0.018
L4446,L4476,0.981
L4446,L4477,0.985
L4446,L4890,0.015
L4446,L4914,0.953
L4446,L4943,0.803
L4446,L5478,0.004
L4446,L5537,0.827
L4446,L5599,0.005
L4446,L5601,0.990
L4447,L4475,0.072
L4447,L4898,0.001
L4447,L4913,0.014
L4447,L4949,0.012
L4447,L5480,0.023
L4447,L5481,0.861
L4447,L5498,0.002
L4447,L5538,0.161
L4447,L5546,0.663
L4447,L5568,0.999
L4447,L5581,0.960
L4447,L5587,0.043
L4450,L4919,0.124
L4450,L5480,1.000
L4450,L5538,0.007
L4453,L4454,0.010
L4453,L4455,0.015
L4453,L4475,0.073
L4453,L4898,0.002
L4453,L4949,0.012
L4453,L5480,0.181
L4453,L5538,0.524
L4453,L5587,0.044
L4454,L4480,0.002
L4454,L5481,0.005
L4454,L5499,0.067
L4455,L4459,0.935
L4455,L4466,0.044
L4455,L4474,0.723
L4455,L4479,0.017
L4455,L4949,0.012
L4455,L5481,0.057
L4455,L5564,0.043
L4457,L4466,0.001
L4457,L4474,0.007
L4457,L4477,0.001
L4457,L4914,0.835
L4457,L5472,0.001
L4457,L5500,0.170
L4457,L5564,0.043
L4457,L5569,0.002
L4457,L5584,0.002
L4457,L5587,0.004
L4457,L5608,0.023
L4459,L4466,0.022
L4459,L4475,0.073
L4459,L4898,0.002
L4459,L4949,0.012
L4459,L5481,0.213
L4459,L5560,0.831
L4459,L5568,0.016
L4459,L5587,0.044
L4463,L4901,0.996
L4463,L4927,0.001
L4463,L5481,0.032
L4463,L5546,0.020
L4465,L4914,0.326
L4465,L4920,0.848
L4465,L4924,0.538
L4465,L4931,0.506
L4465,L4949,0.012
L4465,L5472,1.000
L4465,L5547,0.002
L4465,L5584,0.409
L4465,L5597,0.969
L4466,L4474,0.044
L4466,L4476,0.002
L4466,L4912,0.018
L4466,L4919,0.044
L4466,L4927,0.044
L4466,L5500,0.456
L4466,L5547,0.002
L4466,L5569,0.044
L4466,L5592,0.044
L4467,L4474,0.476
L4467,L4902,0.449
L4467,L4927,0.010
L4471,L4931,0.361
L4471,L5475,0.193
L4471,L5564,0.043
L4471,L5608,0.003
L4472,L5489,0.002
L4472,L5496,0.003
L4472,L5602,1.000
L4474,L4475,0.897
L4474,L4890,0.041
L4474,L4898,0.166
L4474,L4901,0.874
L4474,L5493,0.830
L4474,L5546,0.014
L4474,L5564,0.004
L4474,L5575,0.477
L4474,L5581,0.016
L4474,L5587,0.179
L4475,L4480,0.018
L4475,L4890,0.047
L4475,L4912,0.072
L4475,L4913,0.072
L4475,L4919,0.729
L4475,L4924,0.045
L4475,L4927,0.081
L4475,L5498,0.072
L4475,L5537,0.012
L4475,L5538,0.072
L4475,L5546,0.072
L4475,L5564,0.031
L4475,L5581,0.072
L4475,L5583,0.072
L4475,L5584,0.015
L4475,L5587,0.020
L4476,L4920,0.403
L4476,L4924,0.006
L4476,L4949,0.012
L4476,L5475,0.157
L4476,L5536,0.034
L4476,L5597,0.865
L4476,L5599,0.733
L4477,L4914,0.023
L4477,L4925,0.993
L4477,L5472,0.028
L4477,L5597,0.004
L4477,L5602,0.089
L4479,L4949,0.012
L4479,L5481,0.001
L4479,L5537,0.001
L4479,L5568,0.110
L4479,L5575,0.002
L4480,L4890,0.025
L4480,L4924,0.588
L4480,L4931,0.014
L4480,L4949,0.012
L4480,L5500,0.949
L4480,L5584,0.984
L4480,L5587,0.001
L4890,L4916,0.198
L4890,L4927,0.033
L4890,L5564,0.044
L4898,L4912,0.001
L4898,L4913,0.001
L4898,L4924,0.001
L4898,L4942,0.005
L4898,L5498,0.001
L4898,L5500,0.025
L4898,L5546,0.001
L4898,L5564,0.044
L4898,L5581,0.001
L4898,L5583,0.001
L4901,L5504,0.002
L4901,L5546,0.012
L4901,L5602,0.012
L4902,L4912,0.465
L4902,L4931,0.002
L4902,L5493,0.754
L4902,L5496,0.003
L4902,L5592,0.242
L4912,L5504,0.036
L4912,L5536,0.031
L4912,L5587,0.043
L4912,L5611,0.274
L4913,L4919,0.007
L4913,L4924,0.012
L4913,L4927,0.011
L4913,L5493,0.816
L4913,L5496,0.016
L4913,L5564,0.037
L4913,L5587,0.043
L4914,L4916,0.992
L4914,L5478,0.004
L4914,L5499,0.988
L4914,L5597,0.018
L4914,L5602,1.000
L4914,L5608,0.466
L4916,L4924,0.975
L4916,L4949,0.012
L4916,L5472,0.997
L4916,L5475,0.039
L4916,L5536,0.022
L4916,L5569,0.396
L4916,L5584,0.741
L4916,L5599,0.008
L4919,L5493,0.003
L4919,L5546,0.062
L4919,L5562,1.000
L4919,L5581,0.919
L4920,L5472,0.489
L4920,L5475,0.918
L4920,L5536,0.003
L4920,L5564,0.043
L4920,L5584,0.002
L4920,L5609,0.963
L4924,L5500,0.115
L4924,L5537,0.962
L4924,L5587,0.952
L4924,L5599,0.068
L4924,L5608,0.005
L4925,L5480,0.231
L4925,L5481,0.111
L4925,L5609,0.004
L4927,L5496,0.092
L4927,L5538,0.042
L4927,L5546,0.887
L4927,L5564,0.004
L4931,L4943,1.000
L4931,L5475,0.034
L4931,L5500,0.066
L4931,L5537,0.004
L4931,L5584,0.002
L4931,L5597,0.004
L4931,L5601,0.749
L4931,L5608,0.663
L4943,L5562,0.001
L4943,L5575,0.001
L4949,L5480,0.012
L4949,L5481,0.012
L4949,L5499,0.012
L4949,L5560,0.012
L4949,L5568,0.012
L4949,L5608,0.012
L5472,L5478,0.958
L5472,L5536,0.217
L5472,L5584,1.000
L5472,L5597,1.000
L5472,L5602,0.815
L5472,L5608,1.000
L5474,L5498,0.002
L5474,L5499,0.829
L5474,L5537,0.036
L5474,L5546,0.804
L5474,L5592,0.018
L5474,L5611,0.962
L5475,L5478,0.476
L5478,L5489,0.001
L5478,L5504,0.854
L5478,L5608,0.764
L5478,L5611,0.007
L5480,L5489,0.359
L5480,L5496,0.993
L5480,L5499,0.985
L5480,L5504,0.999
L5480,L5547,0.072
L5480,L5609,0.001
L5481,L5489,0.010
L5481,L5496,0.701
L5481,L5499,1.000
L5481,L5504,0.866
L5481,L5611,0.005
L5489,L5568,1.000
L5489,L5583,0.003
L5493,L5562,0.149
L5493,L5568,0.996
L5493,L5592,0.403
L5496,L5498,0.004
L5496,L5538,0.015
L5496,L5546,0.996
L5496,L5568,0.060
L5496,L5581,0.028
L5496,L5592,0.001
L5498,L5564,0.036
L5498,L5587,0.043
L5499,L5537,0.998
L5499,L5562,0.004
L5500,L5536,0.078
L5500,L5562,0.296
L5500,L5584,0.999
L5500,L5587,0.999
L5500,L5597,0.007
L5500,L5608,0.236
L5504,L5538,0.030
L5504,L5568,0.520
L5504,L5583,0.002
L5504,L5609,0.415
L5536,L5537,0.991
L5536,L5583,0.093
L5537,L5547,0.386
L5537,L5560,1.000
L5537,L5602,0.002
L5537,L5608,1.000
L5537,L5609,0.004
L5538,L5587,0.043
L5546,L5562,0.015
L5546,L5569,0.004
L5546,L5587,0.043
L5546,L5611,0.927
L5560,L5562,0.843
L5562,L5581,0.240
L5564,L5592,0.330
L5564,L5597,0.043
L5564,L5599,0.043
L5575,L5581,0.017
L5581,L5587,0.043
L5581,L5592,0.008
L5583,L5587,0.043
L5584,L5597,0.002
L5597,L5608,0.191
L5597,L5609,0.019
L5601,L5602,0.088
L5602,L5609,1.000
L5609,L5611,0.161
L3749,L3805,0.001
L3749,L3946,0.003
L3749,L3952,0.061
L3749,L4002,0.997
L3749,L4047,0.477
L3749,L4094,0.002
L3749,L4103,0.003
L3749,L4110,0.044
L3758,L3768,0.995
L3758,L3805,0.891
L3758,L3902,0.116
L3758,L3941,1.000
L3758,L3946,0.003
L3758,L3969,0.019
L3758,L3998,0.026
L3758,L4002,0.984
L3758,L4079,0.061
L3758,L4094,0.022
L3758,L4110,0.044
L3760,L3902,0.671
L3760,L3904,0.963
L3760,L3925,0.997
L3760,L3941,1.000
L3760,L3945,0.013
L3760,L3969,0.400
L3760,L3988,0.006
L3760,L4000,0.936
L3760,L4110,0.044
L3760,L4115,0.999
L3768,L3858,0.025
L3768,L3870,0.004
L3768,L3929,0.004
L3768,L3946,0.003
L3768,L3996,0.218
L3768,L4030,0.822
L3770,L3918,0.736
L3770,L4030,0.967
L3782,L3945,0.406
L3782,L4000,0.006
L3782,L4002,0.002
L3782,L4110,0.044
L3801,L3996,0.001
L3801,L4030,0.001
L3801,L4056,0.460
L3805,L3858,0.901
L3805,L3952,0.002
L3805,L4079,0.006
L3805,L4091,0.001
L3805,L4093,0.859
L3858,L3943,0.244
L3858,L3946,0.003
L3858,L3952,0.201
L3858,L4002,0.993
L3858,L4044,0.007
L3858,L4079,0.935
L3858,L4094,0.001
L3858,L4110,0.044
L3870,L3891,0.004
L3870,L3904,0.005
L3870,L3923,0.005
L3870,L3929,0.221
L3870,L3945,0.005
L3870,L3952,0.406
L3870,L3969,0.933
L3870,L3993,0.004
L3870,L4000,0.005
L3870,L4035,0.004
L3870,L4044,0.004
L3870,L4079,0.003
L3870,L4115,0.004
L3870,L5614,0.004
L3891,L3918,0.740
L3891,L3923,1.000
L3891,L3929,0.004
L3891,L3946,0.003
L3891,L4000,0.001
L3891,L4030,0.464
L3902,L4030,0.004
L3904,L3929,0.077
L3904,L3996,0.002
L3904,L3998,0.008
L3904,L4030,0.428
L3904,L4035,0.004
L3904,L4056,0.914
L3904,L4103,0.148
L3904,L4110,0.044
L3904,L4115,0.017
L3904,L5614,0.734
L3918,L3925,0.999
L3918,L3941,0.010
L3918,L3969,0.999
L3918,L3988,0.001
L3918,L4000,0.036
L3918,L4035,0.322
L3918,L4110,0.044
L3918,L4115,0.002
L3923,L3929,0.003
L3923,L3993,0.080
L3923,L3998,0.007
L3923,L4035,0.010
L3923,L4103,0.188
L3923,L4110,0.044
L3923,L5614,0.028
L3925,L4103,0.993
L3929,L3941,0.010
L3929,L3943,0.268
L3929,L3945,0.535
L3929,L3988,0.016
L3929,L3993,0.004
L3929,L4002,0.665
L3929,L4035,0.004
L3929,L4044,0.004
L3929,L4047,0.747
L3929,L4079,0.778
L3929,L4093,0.006
L3929,L4115,0.004
L3929,L5614,0.004
L3941,L3998,0.007
L3941,L4030,0.490
L3943,L4030,0.013
L3943,L4056,0.014
L3945,L3976,0.023
L3945,L3993,0.171
L3945,L3996,0.695
L3945,L4030,0.950
L3945,L4103,0.990
L3945,L4110,0.044
L3945,L5614,0.727
L3946,L3993,0.003
L3946,L4035,0.003
L3946,L4044,0.003
L3946,L4091,0.003
L3946,L4093,0.003
L3946,L4115,0.003
L3952,L3976,0.026
L3952,L4091,0.221
L3969,L4091,0.002
L3976,L3993,0.083
L3976,L4079,0.292
L3976,L4110,0.044
L3976,L5614,0.129
L3993,L4091,0.484
L3993,L4093,0.003
L3996,L4002,0.170
L3996,L4047,0.123
L3996,L4079,0.010
L3996,L4110,0.044
L3998,L4000,0.342
L3998,L4079,0.103
L4000,L4056,0.032
L4000,L4110,0.044
L4000,L4115,0.982
L4002,L4091,0.551
L4030,L4079,0.998
L4030,L4094,0.217
L4030,L4110,0.020
L4044,L4093,0.021
L4047,L4103,0.025
L4056,L5614,0.037
L4079,L4093,0.487
L4079,L4103,0.660
L4091,L4110,0.044
L4093,L4110,0.044
L4103,L5614,1.000
L4110,L5614,0.002