"fish1_id","fish2_id","distance_km","row_number"
"1469","1509",26.8308355293482,1
"784","2263",27.5730699499117,2
"709","2557",0.0219384772064154,3
"985153000403655","654",0.29304429037646,4
"604","2213",2.30016081824093,5
"982126052951199","901",0.916523913672785,6
"2031","1489",27.2148658263959,7
"985153000405499","1556",25.0357717385644,8
"986112100176592","994",27.3428679051682,9
"1948","986112100172683",12.044863853763,10
"985153000403244","2156",0.116650528084985,11
"182","954",0.779724668947484,12
"1426","1617",25.7786862786851,13
"1680","784",27.7222671399922,14
"307","985153000404845",0.273855261607818,15
"2421","302",2.36340128309637,16
"1630","2684",26.8456354001097,17
"1663","1840",10.013986186794,18
"982126052950826","2523",25.098866410815,19
"793","1892",18.3976090531581,20
"456","1611",27.0705089067582,21
"500","130",0.201025756848995,22
"982126052951035","985153000355759",1.25077059635754,23
"838","982126052697373",2.23669416321368,24
"524","997",0.174828551565976,25
"1637","1909",17.7729664821367,26
"349","522",8.07386052753876,27
"1367","982000411818458",7.31631645531988,28
"2048","2139",25.4229434818601,29
"985153000352991","2181",26.1800736355487,30
"2318","2147",27.3502808226099,31
"1326","982000411818481",1.40043915045399,32
"982126052697434","2610",10.5198722186369,33
"439","79",1.69061091779545,34
"888","985153000356701",NA,35
"503","1755",6.41381465151307,36
"1283","645",16.7929594829848,37
"1","633",27.2626206548425,38
"1575","30",27.2608997592827,39
"982126052697415","2303",26.0157219927821,40
"1459","451",27.4166333279078,41
"2679","251",2.05158907098778,42
"1113","2598",0.326690044695685,43
"1432","1752",9.89350357745696,44
"544","1576",25.2920223590587,45
"1482","1400",27.8067112062073,46
"1872","1683",27.5598542611748,47
"986112100165331","400",0.284874950978859,48
"2008","2107",15.9627989300899,49
"467","1817",0.322462102534803,50
"982126052951253","206",0.441059504382302,51
"986112100169546","507",25.81316454377,52
"638","2369",0.48345259641535,53
"866","767",14.2274393940328,54
"2713","1404",27.7290477590044,55
"1301","134",1.30836430161817,56
"2559","1766",2.22207560373153,57
"1703","1742",27.5147689628333,58
"985153000405582","1597",0.253932011500144,59
"985153000355859","986112100164061",2.28748755688298,60
"1883","910",13.3913878857455,61
"1467","2699",0.370903388646832,62
"995","2491",2.2340662133798,63
"1970","1516",14.7879789017276,64
"985153000371973","914",1.58112019908256,65
"1697","982126052697435",0.0710513807966296,66
"982126052950995","397",26.6184664147048,67
"1370","2397",27.6713366263997,68
"1204","985153000401598",0.259294316890199,69
"812","490",12.3148479220262,70
"986112100163658","2148",27.1027570156178,71
"1415","986112100176688",27.3646701983755,72
"985153000407650","682",1.30795871769608,73
"2373","899",27.4125539385537,74
"1420","1507",0.182401839170529,75
"986112100173961","985153000370608",1.89398096025102,76
"2255","1017",11.4802314575946,77
"2040","676",0.0232523659201861,78
"982000411818578","508",26.8961381883899,79
"386","661",27.1458464982239,80
"685","1594",0.227745961019288,81
"982126052697366","412",0.267714712408952,82
"1294","986112100163881",13.5682422974758,83
"85","252",0.129043123868127,84
"232","16",0.338944554932087,85
"630","832",0.118952602433758,86
"1736","2700",0.444204836051677,87
"2289","229",15.0634967780701,88
"1441","413",15.0845540958093,89
"1934","784",27.7295828120356,90
"1234","808",8.56425726058846,91
"1200","2041",0.0805689759780777,92
"982126052951010","1170",11.401106308527,93
"1582","661",26.5998502143701,94
"1781","1955",0.432543783361381,95
"986112100171872","2095",14.623969942441,96
"2146","982126052951085",27.1980025277489,97
"1769","1257",14.86877243104,98
"538","2012",25.2779930387483,99
"409","1666",0.00574887906493196,100
"2261","1889",9.75533833797109,101
"798","125",26.7122079684165,102
"753","1010",27.6043493645431,103
"806","930",8.01681373697642,104
"1683","1866",27.6772298458778,105
"316","941",27.029679547179,106
"1716","1695",0.85419915552606,107
"1892","46",4.07734377594453,108
"1447","982126052951190",10.152006417275,109
"777","668",14.5980997010458,110
"903","976",15.2274405360099,111
"917","694",23.3804612117353,112
"80","1903",24.1697577212368,113
"2559","982000411818627",26.5242553182727,114
"2183","1031",25.6886613011333,115
"1474","982000411818615",0.689672479656512,116
"982126052697435","1150",26.0062962088557,117
"2149","1843",27.2978602000756,118
"897","165",16.2206098687755,119
"1338","783",25.1128656239375,120
"909","1917",0.0716824367948223,121
"192","444",27.6160361502669,122
"985153000403761","802",7.68299719780575,123
"662","982126052951082",27.0288880556123,124
"716","1193",5.76733406054869,125
"683","1558",13.6639811387236,126
"1125","1912",0.948182185789945,127
"625","1126",25.9246856057098,128
"2001","465",26.9971235597148,129
"986112100166792","668",0.400697264174546,130
"879","1818",13.6286996969352,131
"206","985153000404328",0.0746220429331259,132
"1630","1430",0.91987824399775,133
"498","13",0.0511079130906873,134
"985153000400570","982000411818437",8.68717926395,135
"985153000407358","320",0.044574422418884,136
"982000411818488","1841",27.7055930181616,137
"1339","1304",25.0870305608084,138
"2216","986112100171977",27.4261804155107,139
"116","2063",12.4090010157309,140
"982126052697458","374",0.751292504871777,141
"1731","1645",2.24047390238513,142
"617","665",0.813583412797342,143
"1311","2540",0.458947620932212,144
"1544","1250",27.7043374597113,145
"1297","2197",1.03163307640155,146
"431","750",2.10540143512835,147
"985153000403514","1220",0.717319408137237,148
"1161","982000411818543",0.698057057858789,149
"255","330",14.3502982732398,150
"2276","985153000402908",7.82925894741782,151
"1399","2297",25.2616608499036,152
"1179","986112100168321",25.8800820555379,153
"347","2080",25.7846947239714,154
"787","1593",26.818924714725,155
"1532","985153000356146",26.9895972969605,156
"982126052697361","420",1.42766601555072,157
"1862","986112100171987",0.0685065240055277,158
"986112100165220","668",9.00147189723569,159
"756","1732",0.486809518731047,160
"1250","829",1.9317991496812,161
"982126052951002","1863",27.4255145565532,162
"2407","2393",9.49352979660034e-05,163
"1252","2170",0.869660019610737,164
"1919","816",9.67420804531437,165
"982126052697383","2051",0.867499154286444,166
"9","2054",15.4018089264253,167
"2186","329",0.358079810651236,168
"982126052951013","1797",2.03622512878629,169
"982126052950805","543",27.3801128961532,170
"982000411818722","982000411818531",26.5709776813704,171
"986112100172604","2149",27.7900465030565,172
"2144","1888",16.2346520486498,173
"1684","206",27.5760870792709,174
"1464","318",16.5253191136414,175
"669","2010",0.550957989547862,176
"1775","1091",2.2335431459897,177
"2154","24",27.0453216591379,178
"2079","1394",2.24579657977613,179
"1103","357",27.7518492300364,180
"2290","519",2.32649991486451,181
"492","754",25.2036844678071,182
"1012","1188",1.57376796309815,183
"1656","1682",26.135718508197,184
"1313","1655",14.9745183065019,185
"986112100166045","2079",2.1782174871598,186
"178","1420",0.987192309895337,187
"2532","2132",27.4073532793719,188
"1919","2115",0.292976036070698,189
"985153000400989","2318",0.302969847100245,190
"794","461",25.9591619384838,191
"1357","982126052697395",27.402845566707,192
"836","1066",1.56405506186661,193
"728","1799",16.5411107302298,194
"986112100174777","1696",0.0600040651745881,195
"532","982126052951075",0.151132074585547,196
"1648","1335",8.77872686365596,197
"2044","1259",1.33017068060856,198
"982126052697437","431",27.1836400291776,199
"223","894",14.159929287307,200
"740","2762",14.4926218614076,201
"985153000404281","489",0.387053841128191,202
"1155","766",0.464002268492073,203
"5","1913",26.83537350139,204
"501","1112",27.0071172766866,205
"648","786",0.271040757871207,206
"2333","315",18.4236209572151,207
"1984","274",8.49629427468719,208
"1415","1080",9.32970671961712,209
"1355","142",27.7970794718639,210
"1751","985153000407337",0.349710854579051,211
"2490","376",25.2947590193748,212
"982126052951207","1559",1.45812190388588,213
"746","734",1.46098381297521,214
"739","21",27.2355812970641,215
"982126052951219","1222",1.60337376923722,216
"913","2232",26.7330712776116,217
"469","462",0.0564791622774251,218
"2767","657",2.11690095450937,219
"982126052951270","986112100177486",0.0721209656224311,220
"2203","986112100171850",18.1957590046696,221
"1507","1963",27.4635286567517,222
"1369","985153000407358",0.163451511620457,223
"1699","499",0.135198164126917,224
"806","434",10.292210794853,225
"1049","982000411818450",9.0506342570116,226
"2049","2235",27.3740092147257,227
"521","1591",25.3454308874717,228
"1085","986112100173180",18.5537669087141,229
"754","985153000354119",26.0820832197202,230
"752","417",1.17503474464881,231
"799","193",27.3963302710135,232
"2255","985153000403636",13.6835406208704,233
"2184","2281",1.6091784162518,234
"1101","982126052951253",27.286207846381,235
"201","1922",1.08938995827464,236
"425","2297",24.7170634070666,237
"328","2284",24.5829923705402,238
"451","1513",27.3544781001923,239
"982126052697437","1949",12.204596979535,240
"7","985153000355216",25.9746378447333,241
"982126052697434","2230",0.832928724181422,242
"2312","771",27.3728828264638,243
"1815","821",25.9238134530574,244
"1504","1706",0.175755237842011,245
"1087","1338",0.171023930170993,246
"1230","2057",0.806498908639515,247
"1225","2749",13.2589418546394,248
"2103","985153000376041",16.7212330298193,249
"1257","1335",14.9934237715689,250
"606","985153000400903",0.912719538367005,251
"610","982126052951069",0.219129320803481,252
"2224","986112100168403",0.102126379278843,253
"1820","2029",20.2059826728637,254
"9","365",1.20272537401382,255
"1587","1765",25.6759787306003,256
"2689","1422",26.5665022517685,257
"2532","1920",0.274525584842441,258
"1798","985153000371638",4.15024399963182,259
"2062","985153000403740",1.96080431568836,260
"620","1400",0.0985180505593807,261
"985153000372637","985153000404281",1.76492341719079,262
"986112100171890","1988",25.5257885981102,263
"1580","1936",0.945818734382591,264
"1313","1440",12.2922040485962,265
"2648","1071",0.0733105222060217,266
"817","732",9.20464016486781,267
"985153000356146","2",0.1028322828254,268
"985153000404797","556",13.9075457455614,269
"1423","2747",0.0123335531328428,270
"962","982126052950993",24.6817368350406,271
"2712","2020",0.958558380738428,272
"985153000371511","2570",25.9090359790029,273
"1723","1975",14.1969808073757,274
"710","982126052697426",26.7373368326824,275
"703","1889",16.0415064564407,276
"986112100176895","1268",24.21672032731,277
"1443","985153000404045",27.5452631197276,278
"593","74",13.7948363985636,279
"763","982000411818483",0.0693439805892194,280
"1433","847",0.145655561823161,281
"673","2267",0.15671181020107,282
"897","982126052697392",16.2149100981111,283
"2639","181",23.3028021463724,284
"1384","986112100171939",18.6112481020166,285
"384","1725",26.8288163491449,286
"2483","861",14.2614134649838,287
"2204","2049",25.7789688512787,288
"1937","2619",27.7596600966021,289
"2618","1110",0.687165918825121,290
"2282","82",8.51066300531205,291
"253","1107",27.7965528260396,292
"983","1027",2.20114776825951,293
"356","985153000403215",27.3243884428511,294
"2523","917",0.201990056701976,295
"1629","1274",26.8907349594645,296
"641","986112100173703",21.9660303402454,297
"1897","320",16.6067302476168,298
"2111","1621",10.4321052781085,299
"2162","1519",26.9677508812004,300
"833","433",1.37027270476133,301
"985153000403031","975",1.21490087140989,302
"164","231",27.0489251556927,303
"575","802",10.3784288042118,304
"2289","1720",26.5216251323516,305
"1221","1163",0.533252937844277,306
"897","2228",10.0341016902524,307
"904","202",27.2971784944939,308
"1994","168",0.798688027409215,309
"810","1985",0.0339819304434097,310
"2066","986112100170397",24.9824792730425,311
"982126052951207","6",25.4160331812051,312
"2612","483",0.150613556192763,313
"423","1585",26.5346887307218,314
"985153000354270","639",1.80173825672721,315
"2196","959",27.128075651231,316
"1398","982126052951018",0.906774880708507,317
"469","982000411818481",27.3441768669523,318
"1785","985153000405736",26.8653109616733,319
"985153000375999","2210",27.4444366785576,320
"982126052951004","982126052951082",25.190316766105,321
"985153000407280","1293",0.959183372801857,322
"1251","982126052697369",15.6869481796542,323
"1745","1280",0.167369799491882,324
"1544","1880",13.4487339767663,325
"1925","986112100165331",27.6579637768884,326
"1953","2650",0.119999305677933,327
"1505","986112100171977",0.309759926174836,328
"1682","71",0.0913138903010103,329
"822","1561",24.6916079144486,330
"525","2659",0.165843623859981,331
"407","2012",27.1000250264751,332
"954","575",26.8797226866995,333
"2006","1912",0.120614614220271,334
"958","982000411818507",5.7609545327976,335
"1951","414",25.7793442679381,336
"985153000406261","2408",25.6736111038887,337
"1663","499",27.1608921241263,338
"453","2609",27.2755082746651,339
"210","986112100164894",7.31634722231069,340
"1387","571",14.9879848415109,341
"2104","1838",26.7192618501382,342
"1584","1519",26.194132354926,343
"985153000403215","803",9.96249070561409,344
"298","1610",12.1113902235207,345
"648","1466",0.0345709204541108,346
"1829","1934",13.8014799561126,347
"1915","986112100168321",26.789692594713,348
"986112100169546","1585",0.710977304861229,349
"781","1276",13.5446791114225,350
"269","1599",27.1418982031112,351
"765","1238",25.9110685518469,352
"2599","1454",13.0046263572317,353
"1112","718",1.68786259964387,354
"2230","599",0.398940623996011,355
"982126052951273","2418",27.6328147659326,356
"813","1906",4.66355032031644,357
"985153000354371","2046",0.267614926533034,358
"1696","2697",27.261756418989,359
"595","1098",27.6594892851498,360
"290","755",1.83313939517752,361
"695","501",2.17424628696067,362
"1873","2391",15.4673632873354,363
"1506","346",19.6622613700519,364
"1378","1217",26.1222891788439,365
"985153000355034","982126052697394",27.4264403429615,366
"203","982126052951289",24.8653353274701,367
"982126052951012","21",26.969852680351,368
"982000411818575","982000411818543",0.00315865016351648,369
"1928","844",25.3692797663647,370
"580","1889",18.3833429741569,371
"195","155",1.90249597627697,372
"1932","985153000355216",26.1832855753666,373
"38","1255",11.3880122035766,374
"1788","985153000400062",1.68484982612557,375
"2261","575",9.12453393900588,376
"1282","901",0.109704997406277,377
"861","1953",0.153136609426193,378
"982126052697437","558",27.4653314246876,379
"518","1460",13.8880262068427,380
"1491","2188",27.0347011156474,381
"2601","1332",25.9625118714801,382
"982126052951085","1806",2.23066400715108,383
"1578","2147",0.135782336243673,384
"985153000405147","340",24.2303208885202,385
"1845","312",14.6838080066341,386
"102","2751",1.72193317369476,387
"974","600",15.2867344266264,388
"919","74",24.2061541014404,389
"1876","985153000405229",14.2343918484279,390
"106","1626",14.8708398902649,391
"1113","718",1.90749011741508,392
"985153000407650","639",1.74432875434371,393
"982126052951220","532",0.408386802919762,394
"1814","631",5.75144068140615,395
"403","982126052697442",27.2199274099993,396
"451","338",27.5876210451141,397
"1191","1465",13.9105102534697,398
"1303","1367",1.85337425834852,399
"707","982126052697376",0.165372329680449,400
"2311","986112100172191",0.0382249877383103,401
"494","9",13.3565608209137,402
"1535","683",14.4068933098173,403
"982126052697423","2284",0.609189103478845,404
"982126052697460","169",16.2290750152931,405
"985153000405736","538",25.8813693809342,406
"711","2188",0.187844643200055,407
"860","2491",25.4909495515528,408
"2373","1435",0.489917530618336,409
"1005","1419",2.32296248393387,410
"2314","1919",27.0736931958545,411
"1095","43",15.1875588531942,412
"1800","409",27.2629504318221,413
"986112100169386","1938",0.130469839388423,414
"873","986112100172142",19.9218089553813,415
"2361","1480",0.15522382822961,416
"1647","982126052951069",13.487253148287,417
"1071","986112100165640",10.2995290033455,418
"415","230",21.9441399031904,419
"982000411818488","1364",10.2348453753438,420
"1873","1846",2.25232379590613,421
"1734","291",15.0322663169169,422
"1777","1694",25.5022979287723,423
"2193","1588",10.5184747417994,424
"705","203",1.90704597181996,425
"606","320",0.931305664167496,426
"904","1777",25.3011205832632,427
"986112100172025","325",27.4337958831332,428
"1427","164",27.1389479382637,429
"859","1327",25.6484614740865,430
"236","934",2.44992831364712,431
"1281","925",2.27454285747284,432
"751","674",25.8844707214761,433
"986112100172395","1395",19.4414545951348,434
"295","1416",14.1291676936341,435
"794","265",27.5656248113079,436
"1923","2194",27.2282642227779,437
"2191","1970",4.53024482373308,438
"986112100168091","2135",10.3399687703283,439
"1882","982126052950805",13.7523211259237,440
"1795","1852",0.0745988499279047,441
"908","1703",26.9254076659388,442
"1865","986112100172006",0.138306914939984,443
"168","2644",27.6390678765028,444
"2428","1536",0.2309777555532,445
"812","1943",14.1979490483596,446
"1317","540",25.9314855939571,447
"1202","2684",1.75514149046821,448
"1339","2739",25.2723055057696,449
"1","456",27.1937295322719,450
"1188","2032",25.3178067054468,451
"113","982000411818627",26.7747997809812,452
"1809","986112100165640",0.0455503477338428,453
"982000411818507","11",22.6779792861899,454
"630","912",1.77114324802403,455
"1541","985153000405590",0.137698012701408,456
"24","861",27.2707057580915,457
"1495","1527",19.5602281748706,458
"1138","216",1.78596509536205,459
"1140","333",2.64830792911025,460
"985153000406307","1863",0.0538850443099633,461
"982126052950993","232",26.5451741784206,462
"985153000403031","927",1.69393749921662,463
"1674","2092",0.388095916157367,464
"986112100165961","254",1.70964992492879,465
"676","700",2.42905587870154,466
"1330","208",4.22538954663446,467
"2173","666",27.5284219869122,468
"1801","985153000402633",27.1092858186079,469
"662","2107",16.6953620024954,470
"39","614",14.2500028053405,471
"1026","949",27.6787409993744,472
"375","1791",5.78767825707251,473
"594","2193",18.165529935308,474
"1157","2243",1.62726345765484,475
"1538","985153000400903",27.5323964387781,476
"1346","985153000371370",14.9765744203032,477
"985153000405736","272",25.7366123453775,478
"1315","617",1.81311448160286,479
"139","1468",13.9123123641186,480
"1058","646",0.364453802169154,481
"985153000405493","92",0.0737327690434955,482
"629","1734",0.420996495596116,483
"1957","1374",27.0977678148875,484
"1864","2128",0.387086101731551,485
"1797","1700",27.6821185489136,486
"955","1037",26.9894927035277,487
"645","2009",16.0229939598197,488
"1874","982126052951087",26.7275636225405,489
"982000411818578","543",27.0646927933025,490
"2366","833",25.9297414270428,491
"2311","1318",26.0349291087172,492
"1829","1624",1.44896842400899,493
"1145","441",1.54451804881284,494
"1995","2279",1.01021788621748,495
"1423","982000411818672",26.5291686182069,496
"982126052950839","998",0.023928968689426,497
"985153000400989","2634",27.6659306540195,498
"1294","174",13.0676146094534,499
"389","1624",16.7180949803625,500
"1935","99",25.4647778476073,501
"1392","996",10.616200520748,502
"1974","2103",2.772752037033,503
"1673","475",27.3965709589232,504
"539","986112100163867",27.7282875138461,505
"1631","1104",1.02160394315863,506
"1213","1177",13.6825162531657,507
"2300","993",12.2766077765169,508
"205","769",8.70071931340622,509
"2540","1975",12.2940084960507,510
"1675","803",10.2714156632332,511
"986112100163580","2082",27.3535685204667,512
"986","511",0.0106102672257347,513
"251","1108",25.539491606705,514
"2061","2273",11.6793933272201,515
"290","957",2.32478715592029,516
"982000411818440","2212",14.137505189262,517
"1885","982126052951219",13.755585661127,518
"985153000364196","2198",12.2773762144157,519
"888","1229",NA,520
"2578","1917",0.0758413015437458,521
"1174","1617",0.181920481546261,522
"1189","1309",25.3523276096033,523
"1252","985153000371745",0.450402379772182,524
"982126052951270","1573",0.0674076048227592,525
"150","1506",27.3521404481958,526
"986112100165680","1399",2.18515481935596,527
"982126052697421","1274",0.419342590471636,528
"944","982000411818482",19.6552932738748,529
"2122","779",23.68686836242,530
"1655","2010",1.05908672256929,531
"495","2658",27.6698302144824,532
"183","2091",27.2374765089672,533
"643","168",0.10951600350799,534
"1960","347",1.87517474901394,535
"27","982000411818701",0.0954504904738552,536
"29","927",0.136178985057762,537
"386","1461",26.8405902632609,538
"1083","917",1.2351176891285,539
"1506","1768",0.331554837794001,540
"1533","982126052697442",0.0380467938164,541
"1558","2150",19.0494366126691,542
"986112100167206","2066",25.7611617496327,543
"1350","1152",27.6496484491111,544
"2398","1927",27.3418476654486,545
"1898","170",23.68109687093,546
"2108","1505",12.2018041173693,547
"527","2048",27.2178256465682,548
"1659","730",1.42541965297141,549
"36","982126052951016",24.5991535774116,550
"986112100165606","319",22.6535303771386,551
"2684","1790",2.72088910469478,552
"982126052950834","2409",0.242353881091004,553
"1803","986112100176397",25.6255394863831,554
"991","1914",27.0141070171467,555
"1605","982126052951050",0.19614969696565,556
"1219","296",13.5107344459669,557
"985153000407358","779",25.7089640734802,558
"1560","1165",25.4779767882356,559
"1006","986112100165030",27.124640569526,560
"982126052951052","1089",25.2213440423452,561
"2550","229",15.0927329802106,562
"1186","1983",16.7933881919546,563
"1874","1114",2.17437998250578,564
"1913","129",0.73740589863605,565
"645","422",9.9573626885185,566
"2733","2257",25.2916567599692,567
"263","982126052697439",23.7679534471987,568
"977","2172",NA,569
"985153000404045","982126052951270",27.5694091087272,570
"802","982126052697434",10.3917574922324,571
"2184","1571",1.57148421064602,572
"2728","985153000402882",2.2094421194337,573
"871","613",1.39084966580292,574
"222","1876",14.6984635850237,575
"1770","699",12.0808109236405,576
"1499","1326",25.8187374509879,577
"2554","1086",25.5693297992537,578
"986112100164157","809",13.9209855550005,579
"1744","1823",1.70992560052161,580
"982000411818501","371",10.422678204219,581
"1683","2187",27.1306098731449,582
"2727","1401",25.1828190167556,583
"1956","2239",18.2865843606068,584
"985153000371766","2177",8.09149259944852,585
"1364","986112100166148",10.3770546423455,586
"986112100164278","319",22.0286562058011,587
"924","1813",25.5750252164834,588
"986112100169739","485",0.154783058316486,589
"1613","1070",10.5835471389092,590
"985153000354944","982000411818602",2.25632429666005,591
"1656","1993",0.931257517359019,592
"1479","655",26.8545756319903,593
"957","581",2.55410417014533,594
"1465","162",13.9285685329924,595
"274","431",25.5157437676525,596
"986","2059",0.016888346454689,597
"982126052950826","610",0.351237111661509,598
"1222","732",1.61152853004751,599
"554","2127",2.19283260478933,600
"986112100169183","2193",10.4043102444596,601
"1170","813",6.63740874281269,602
"2371","982126052951226",0.00309815057766519,603
"429","50",1.06935072556475,604
"985153000353914","985153000356435",0.0508096339974702,605
"615","966",0.431795135367202,606
"1109","986112100165030",0.104880132961461,607
"28","985153000369712",1.66266060641882,608
"1550","1981",18.2456776424136,609
"786","1279",1.25211156938399,610
"1264","986112100163464",25.3634935025288,611
"2083","938",0.163298564505698,612
"982126052950864","856",1.18820300414645,613
"982000411818575","1399",26.9744397328257,614
"982","1723",26.5634133210194,615
"1072","1294",12.8524791810779,616
"669","1548",27.4420890875538,617
"1820","2245",5.70621976171582,618
"159","1959",0.0776680984471415,619
"982000411818611","985153000371638",26.0716505784522,620
"442","982000411818469",27.4702040845601,621
"2193","893",2.0491149857046,622
"125","423",26.6417173836783,623
"985153000406261","1560",27.1062901011045,624
"2100","176",0.607585017193599,625
"606","414",0.892518536283573,626
"2766","2638",0.325596642253139,627
"462","1822",0.0974734967065049,628
"1667","982126052951040",27.371791342183,629
"985153000407326","466",0.222026588116937,630
"761","2213",2.37418078194869,631
"985153000403514","508",25.9959713129275,632
"2308","985153000356779",1.30035314109122,633
"2391","140",12.8933551542816,634
"985153000376041","1894",16.7880801124139,635
"1594","1216",27.168951102402,636
"770","1338",2.65874812668389,637
"1410","1152",14.0905626581502,638
"918","1612",2.35078653887021,639
"467","705",0.00605282325874226,640
"1435","278",2.44406382671968,641
"1016","1248",0.864117906429973,642
"2483","703",12.1446562277466,643
"1523","985153000407650",12.3792142424166,644
"412","1812",0.223168413413474,645
"901","986112100168710",27.0719036541954,646
"952","997",0.894556518641074,647
"224","604",14.4588185167779,648
"1960","533",0.165631380947268,649
"760","985153000370891",25.8937632441864,650
"982126052697435","2026",2.14184842357645,651
"1565","982000411818500",19.0604293291941,652
"1259","337",1.32439084715155,653
"985153000370891","2285",2.63154318565249,654
"2188","1961",0.438471795624951,655
"1366","1160",27.6619017890956,656
"982126052951060","985153000401656",26.969952450916,657
"2542","1145",0.455118283815296,658
"801","985153000369173",12.3540998841416,659
"2156","1348",14.7121566466022,660
"985153000405229","1677",0.463535472794241,661
"1223","982000411818500",6.54672120050326,662
"471","985153000370608",1.96966863529471,663
"1942","1337",27.7175599392141,664
"1462","923",25.2594214105264,665
"986112100172405","334",0.467961218134802,666
"704","46",0.0669153116170076,667
"1258","982000411818488",0.0594664885487215,668
"735","982126052951190",12.093689928555,669
"1784","546",25.3285998010281,670
"61","1756",0.122627597692653,671
"986112100169386","2130",0.0725712516681759,672
"808","2048",18.377759203427,673
"1521","1501",26.7746731515327,674
"572","985153000405440",13.667027142899,675
"985153000403264","982126052951035",2.24936840759585,676
"409","769",8.69940094588033,677
"1021","60",24.0048499464753,678
"1207","186",1.20423147105596,679
"1266","985153000369796",1.30092792776531,680
"2422","425",26.7281274106509,681
"1929","1271",26.1111081161485,682
"3","985153000371766",1.59608425387379,683
"42","1562",24.5754164154486,684
"163","1930",13.5894061149847,685
"982000411818673","870",1.01419907229774,686
"1767","567",27.5800195444173,687
"74","1765",0.190837211248144,688
"2683","1372",0.0744184957316402,689
"1522","600",13.9580202476677,690
"805","986112100165961",9.93517193489484,691
"2103","1748",16.2452167135824,692
"2366","321",25.3548069617488,693
"286","985153000407421",0.157420387418986,694
"1948","986112100163663",16.6541679853994,695
"2327","1500",2.03431699787408,696
"493","579",27.7316769842882,697
"601","2232",27.2580459816943,698
"1050","978",0.319245556829867,699
"355","393",12.4946093096146,700
"982126052951228","538",16.3938178206863,701
"668","706",27.0372715312145,702
"898","1786",0.985443297135198,703
"986112100168710","982126052951253",0.201504100380792,704
"2564","2289",0.477589319427034,705
"873","985153000373086",25.3199354379302,706
"2618","778",0.0630140862085265,707
"1971","277",13.8067513108398,708
"1135","985153000400903",0.182332946817294,709
"1376","1152",25.8282101480064,710
"463","983",2.10847936512556,711
"1388","401",22.6089564643069,712
"2614","2268",27.6489819276721,713
"2055","1307",13.9666647281816,714
"480","974",13.6071893181196,715
"26","986112100164868",27.5444366668643,716
"1870","2279",1.87374276866854,717
"982126052951086","847",2.24806452190794,718
"986112100173519","377",27.4118693658122,719
"892","1109",16.0772134642287,720
"2646","1268",25.251242277203,721
"621","2114",0.385473341440293,722
"2121","746",26.025431331641,723
"1514","985153000354270",25.8458371070469,724
"947","1208",18.4616999791396,725
"604","986112100172405",27.24943682353,726
"2420","699",0.0911708602099791,727
"1239","1948",14.9741332573801,728
"181","696",2.75447059907686,729
"1907","1443",22.7132294331315,730
"1723","2002",26.2837867508077,731
"101","558",0.0987978651205736,732
"1728","583",26.8333671949445,733
"618","986112100174691",25.8878391854777,734
"2159","2264",25.5234938119672,735
"1561","340",25.4423817157335,736
"1000","1056",25.5622826430169,737
"1438","1517",0.132526071636846,738
"1703","1826",26.9424243965903,739
"1125","1329",0.553184454125033,740
"986112100171977","824",25.3861288824343,741
"915","1837",14.9828735913219,742
"1007","482",25.1850397533346,743
"1016","985153000356701",0.367044135251406,744
"388","936",17.7169936174766,745
"986112100166148","982000411818488",0.148414935549797,746
"986112100172294","871",0.48857144844625,747
"1656","1358",25.5384263026524,748
"844","60",0.780701039493505,749
"982126052951241","20",27.3459588160608,750
"509","1335",1.43116887757058,751
"1527","979",8.64458199800196,752
"985153000403710","640",27.4308890771187,753
"189","1553",0.0696312713714345,754
"2752","1867",18.5258237333041,755
"1203","1171",1.33647469184178,756
"37","919",2.31572608900466,757
"985153000369925","985153000352306",0.636727880148831,758
"2416","1810",26.6688102757515,759
"2080","100",27.3510295996265,760
"1057","1312",2.3371577004673,761
"985153000400899","1433",23.2875966554796,762
"832","1946",24.443502741568,763
"2044","403",0.0438272173029974,764
"348","982000411818467",27.5432035799148,765
"650","982126052951219",5.29224783828183,766
"1913","2098",0.42086763157106,767
"2023","1684",12.3166807957203,768
"1702","738",27.6465565114689,769
"1770","1154",27.4528036492501,770
"985153000407421","2391",15.49672406543,771
"1254","247",16.7848352067407,772
"2739","1107",0.0779948219014566,773
"1169","713",12.8972157819704,774
"2220","982126052951040",25.9720963901479,775
"82","986112100167082",1.44444676066163,776
"1501","573",27.0996363385801,777
"124","738",0.443591496111974,778
"1704","986112100172281",0.147589248940283,779
"1481","864",27.4231111816356,780
"1916","1862",27.1435483356264,781
"986112100167082","33",26.6947872166389,782
"2015","1352",8.72423844510867,783
"985153000402882","2120",1.90277694900063,784
"985153000403050","1883",0.531131176542605,785
"116","77",14.609793810059,786
"1472","649",0.340949757359241,787
"967","1593",27.1614730398211,788
"2294","1428",0.040423044089329,789
"2275","1597",25.0235268698507,790
"2057","734",26.7206121330454,791
"2050","1101",25.6080196441255,792
"439","1835",0.19804087960229,793
"982126052950839","753",0.126988656883972,794
"1264","2208",1.04615621648459,795
"335","1992",0.850366418346762,796
"1369","33",27.0592348191996,797
"148","806",10.0162946165916,798
"2591","1296",16.7128628204881,799
"2186","913",0.755054134620646,800
"1859","403",2.40516208522438,801
"663","982126052697423",2.11414847363568,802
"2769","620",0.361786886683746,803
"515","982126052697385",0.0679616727812037,804
"1398","362",25.9850060933036,805
"1830","1961",0.801443853430994,806
"982000411818575","1307",0.116610615178246,807
"1252","583",1.76051714856653,808
"166","978",27.267260646745,809
"969","948",27.0265572267478,810
"982126052951241","2639",2.30418744343244,811
"2009","982126052950834",0.0490747543692838,812
"1436","331",25.4640952575557,813
"1995","544",1.68542779014049,814
"1139","409",27.2279392493711,815
"986112100165801","1461",0.35536326266497,816
"1104","2130",0.218946484956714,817
"723","1505",27.0860323933671,818
"1115","2697",1.90018142810694,819
"2220","897",14.7742259916843,820
"768","1183",27.2222633485429,821
"2130","2222",0.0899951574090878,822
"727","256",27.5207633747998,823
"1983","1923",18.0464283984725,824
"987","982126052951220",0.869220004155229,825
"985153000405269","1564",26.953505252626,826
"330","65",12.3772433831371,827
"985153000371973","1699",25.5283458164193,828
"1913","997",26.956677985308,829
"962","2712",24.6241262082676,830
"985153000370198","1358",1.16274831212545,831
"1973","985153000370891",14.1681580089043,832
"1913","83",1.03479063364418,833
"1269","1192",0.779495336781039,834
"1693","1209",0.127501745600885,835
"982000411818451","54",27.7355064043851,836
"359","43",15.0894772854287,837
"982126052697430","2040",25.4029805785763,838
"1548","986112100172409",0.799925756343064,839
"2410","410",0.861408409827782,840
"982126052950826","2097",9.67335248368504,841
"985153000407023","1673",0.339825192322133,842
"2160","1089",2.40612113408369,843
"986112100173180","1275",25.5315874308142,844
"1202","197",1.58277837170738,845
"509","2284",0.788095294308927,846
"1856","1637",1.42229522382337,847
"986112100173519","985153000405940",27.6047876809218,848
"1631","316",26.9170482715952,849
"169","1480",12.4228866973942,850
"254","1279",0.32555506333532,851
"1270","2122",1.89149251558925,852
"175","488",25.1395131027798,853
"2021","986112100163580",27.4423474686826,854
"868","1863",0.335627765311931,855
"2333","1138",8.67909476686172,856
"1675","982000411818531",0.267767730093146,857
"971","1926",18.5449931899714,858
"1615","982126052697443",2.64972729237845,859
"2361","1422",27.2670859365164,860
"52","2546",1.06116845921295,861
"1093","795",26.1223888108604,862
"1225","986112100166045",0.0450060402980419,863
"1459","1619",0.283352205557989,864
"1325","1638",1.82987886949637,865
"198","1449",18.6237702641569,866
"1387","817",9.19688346093328,867
"1459","152",25.0562701998374,868
"428","1331",18.1178406068244,869
"986112100165562","872",0.312290741334796,870
"2743","1485",2.30058685821326,871
"213","1526",13.9853357549812,872
"1720","162",13.7012476340864,873
"558","372",27.0738573437954,874
"2109","381",12.2060139675613,875
"835","958",2.69326041476318,876
"156","620",0.32006508943145,877
"1959","1493",27.3641381508228,878
"129","1462",0.661890354696807,879
"982000411818599","743",26.9027480252329,880
"2241","93",0.757473917683295,881
"986112100165514","985153000400619",0.433166472367559,882
"1585","1393",0.971313692360139,883
"2359","724",27.5536739010535,884
"1587","724",27.4046115374826,885
"296","330",1.28955058451793,886
"783","986112100165003",27.4641253987184,887
"289","936",9.13645810127439,888
"1282","1469",27.0047784585388,889
"406","793",27.4152303670293,890
"458","985153000405736",0.176488395777725,891
"982000411818716","1424",14.7939591000304,892
"1972","2134",0.0235416569618135,893
"842","517",25.2342892284596,894
"1587","2182",0.21416931906963,895
"748","982000411818630",25.1778946246408,896
"1319","737",27.1937385253783,897
"1980","986112100177313",18.1309784969356,898
"461","1678",1.8489816852642,899
"2184","986112100176895",23.7666649741905,900
"152","565",25.3319512205445,901
"964","424",0.975650330660523,902
"2129","982000411818494",19.731079805287,903
"167","371",5.2112412497251,904
"2283","1777",6.7663115881992,905
"985153000401656","1957",0.0478296807111045,906
"1194","1960",27.5887954660805,907
"2195","2423",0.813222999967592,908
"1796","1456",16.2860607084174,909
"982000411818680","762",0.470203289216634,910
"1364","947",10.2025026845269,911
"1838","2073",1.02832706697454,912
"2497","721",0.0634491738333121,913
"340","783",25.9655327425458,914
"986112100163580","985153000372825",1.98747411465728,915
"2536","2247",27.5494316872594,916
"1582","174",24.7958261402553,917
"898","418",0.270191762235339,918
"2403","2044",25.5244065494865,919
"985153000403655","2049",0.319983953086887,920
"1123","982126052950995",26.875324857783,921
"1742","384",0.0311766709083457,922
"1780","1297",1.44206887914161,923
"297","491",26.9792123742238,924
"2145","2088",26.7661362471265,925
"982126052697376","1316",1.98654207169525,926
"2160","82",26.0291531224529,927
"1067","1344",2.2165226092554,928
"2327","1888",8.50001837859448,929
"982000411818680","194",0.191577596568049,930
"384","1991",0.690866634901536,931
"925","1404",25.6537073196545,932
"420","735",25.8024415994107,933
"1169","1492",25.7918378604033,934
"130","1865",0.101304993393065,935
"986112100172409","1461",26.1837757022802,936
"762","1603",27.1315259638015,937
"2460","1274",0.0346897268078721,938
"1319","527",27.2113911826719,939
"466","910",1.23016047145163,940
"996","485",2.23964104263546,941
"969","203",25.0122795354251,942
"2418","2363",1.69799189528187,943
"776","594",27.2126907475479,944
"2740","1965",27.1260248132504,945
"458","2733",25.6971730398428,946
"336","482",0.0382796497555183,947
"1725","986112100169546",0.702222672994757,948
"2569","59",11.4185625963612,949
"451","1963",0.161489099744934,950
"1376","1979",12.9470327604997,951
"1380","985153000406299",27.5210456848159,952
"2004","982126052951040",27.0415904817474,953
"854","2563",1.91816771909313,954
"1746","313",27.5644689890971,955
"986112100163393","1248",25.4300400850333,956
"1860","1595",27.1721880320878,957
"526","929",2.20542688961735,958
"8","985153000356060",14.4860551875352,959
"411","982126052951010",26.9496389165467,960
"2635","579",27.7810055321481,961
"1614","2150",9.2035700749636,962
"335","446",0.455317656431907,963
"187","968",27.3108718882587,964
"982000411818672","982126052697363",26.9006296598149,965
"986112100174351","2031",27.3130402707421,966
"2014","2460",0.758117560632199,967
"286","985153000369925",0.78868310052566,968
"676","1338",0.266362613391174,969
"648","1338",1.98162488171319,970
"1852","512",1.32066904985076,971
"1927","423",27.4108063331197,972
"882","1524",2.79349212008082,973
"2229","244",13.3396088390907,974
"2284","205",2.2380822867222,975
"595","986112100167283",27.3554198403749,976
"1603","1142",27.3796179643516,977
"986112100164733","745",27.5347447171131,978
"982126052697460","986112100172604",0.455746160532357,979
"985153000373086","1080",6.59855078491163,980
"1551","1492",0.166460727452045,981
"776","1366",0.093905119335624,982
"850","1538",25.243948284598,983
"1616","2324",0.469261884110085,984
"485","2411",10.1519709310033,985
"986112100176397","985153000368313",26.169354188878,986
"2099","719",1.59531647071283,987
"2010","982126052697435",27.1160619523131,988
"250","1070",10.4616317887598,989
"985153000406793","2227",25.7098808676822,990
"1856","26",1.08811900778773,991
"1943","467",26.5253339711381,992
"982000411818482","1488",19.8887328932966,993
"986112100165331","985153000400903",0.0292627180181579,994
"1098","985153000403812",2.30945915606512,995
"746","1049",1.78228775817418,996
"2073","1667",27.3271782884588,997
"1661","1112",0.252275366935599,998
"467","627",14.2429208783972,999
"1910","986112100172566",0.391046490006932,1000
